score,srl_m_1,srl_m_2,srl_m_3,srl_m_4,srl_m_5,srl_m_6,srl_m_7,srl_m_8,srl_m_9,srl_m_10,srl_m_11,srl_m_12,srl_m_13,srl_m_14,srl_m_15,srl_m_16,srl_m_17,srl_m_18,srl_m_19,srl_m_20,srl_m_21,srl_m_22,srl_m_23,srl_m_24,srl_m_25,srl_m_26,srl_m_27,srl_m_28,srl_m_29,srl_m_30,srl_m_31,s_1,s_2,s_3,s_4,s_5,s_6,s_7,s_8,s_9,s_10,s_11,s_12,s_13,s_14,s_15,s_16,s_17,s_18,s_19,s_20,s_21,s_22,s_23,s_24,s_25,s_26,s_27,s_28,s_29,s_30,s_31,s_32,s_33,s_34,s_35,s_36,s_37,s_38,s_39,s_40,s_41,s_42,s_43,s_44,s_45,s_46,s_47,s_48,srl_s_1,srl_s_2,srl_s_3,srl_s_4,srl_s_5,srl_s_6,srl_s_7,srl_s_8,srl_s_9,srl_s_10,srl_s_11,srl_s_12,srl_s_13,srl_s_14,srl_s_15,srl_s_16,srl_s_17,srl_s_18,srl_s_19,srl_s_20,srl_s_21,srl_s_22,srl_s_23,srl_s_24,srl_s_25,srl_s_26,srl_s_27,srl_s_28,srl_s_29,srl_s_30,srl_s_31,srl_s_32,srl_s_33,srl_s_34,srl_s_35,srl_s_36,srl_s_37,srl_s_38,srl_s_39,srl_s_40,srl_s_41,srl_s_42,srl_s_43,srl_s_44,srl_s_45,srl_s_46,srl_s_47,srl_s_48,srl_s_49,srl_s_50,ADD BOOKMARK,ADD MARKER,ADD MEMO,ADD_HW_MEMO,ADD_RECOMMENDATION,BOOKMARK_JUMP,CHANGE MEMO,CLEAR_HW_MEMO,CLOSE,CLOSE_RECOMMENDATION,DELETE BOOKMARK,DELETE MARKER,DELETE_MEMO,GETIT,LINK_CLICK,MEMO_JUMP,NEXT,NOTGETIT,OPEN,OPEN_RECOMMENDATION,PAGE_JUMP,PREV,REGIST CONTENTS,SEARCH,SEARCH_JUMP,UNDO_HW_MEMO
72,3,4,4,3,5,5,5,3,5,5,5,5,5,5,3,4,3,3,3,3,3,3,3,3.0,3,3,4,4,5,5,5,3,3,3,3,3,3,3,3,3,3,3,3,3,3,3,3,3,3,3,3,3,3,3,3,2,3,3,3,3,3,3,3,3,3,3,3,4,4,4,4,3,4,4,4,3,3,4,3,4.0,4,4,4,4.0,4,4,4,4.0,4,4,4.0,4,4,4.0,4.0,4.0,4.0,4.0,3,4,4,4.0,4,4.0,4,4.0,4.0,4.0,4.0,4,4,4,4,4,4,4,3,3,2.0,2,2,3,1,1,1,4,4,4,3,20,248,33,0,0,24,35,0,388,0,4,15,1,2,0,5,5971,0,417,0,5,2439,0,0,0,0
94,3,3,3,3,3,1,3,3,3,3,3,3,3,3,3,3,3,3,5,5,5,5,5,5.0,5,5,1,3,1,1,1,3,3,3,3,3,3,5,3,5,5,5,5,5,5,5,5,5,5,5,5,5,5,5,5,5,5,3,2,5,5,5,5,5,5,5,5,5,3,5,1,4,5,5,5,5,5,5,5,3.0,1,3,3,3.0,3,5,3,3.0,4,3,3.0,3,3,5.0,3.0,3.0,5.0,5.0,1,3,3,3.0,3,3.0,3,1.0,3.0,3.0,1.0,1,1,3,1,1,5,5,1,1,1.0,3,1,1,1,1,1,5,3,1,1,4,229,43,3,0,0,22,0,115,0,3,11,6,1,0,9,1361,1,142,0,1,360,0,0,0,0
64,3,3,3,3,3,4,3,3,3,3,3,3,3,3,3,2,3,2,3,3,3,3,3,3.0,3,3,3,3,3,3,3,2,3,2,2,3,1,4,4,4,2,3,2,3,2,2,2,3,3,3,3,3,3,3,3,2,3,3,3,3,3,3,3,3,3,3,3,3,3,3,2,1,3,3,3,1,3,1,1,4.0,4,4,4,3.0,4,3,4,4.0,3,4,4.0,2,4,2.0,2.0,3.0,3.0,3.0,3,2,4,4.0,2,3.0,4,5.0,3.0,4.0,4.0,3,3,4,3,4,4,5,2,1,3.0,4,4,4,2,1,1,4,3,3,3,6,248,32,0,0,1,14,0,119,0,2,0,0,4,0,0,4072,11,338,0,25,1253,0,0,0,0
75,3,3,4,3,3,4,4,3,3,4,3,3,3,4,2,2,3,2,4,2,4,1,2,3.0,1,3,4,4,5,3,4,3,3,4,3,4,4,5,4,5,1,1,3,1,2,4,1,4,2,4,2,2,4,4,4,1,1,1,2,3,1,4,2,2,3,3,3,3,4,3,3,2,4,3,5,3,1,1,1,4.0,4,4,3,3.0,2,2,4,4.0,3,4,4.0,3,4,2.0,3.0,3.0,4.0,3.0,2,3,3,3.0,4,3.0,3,3.0,4.0,4.0,3.0,3,4,4,3,4,4,5,2,1,2.0,5,4,4,4,5,3,4,2,5,5,4,330,29,0,0,2,84,0,250,0,4,14,0,1,0,0,3620,0,299,0,30,1499,0,1,0,0
67,3,3,4,4,4,4,3,4,3,4,3,3,3,3,2,2,2,3,2,4,3,2,2,2.0,2,2,5,4,5,5,4,2,3,2,2,4,2,4,4,5,2,2,2,4,3,2,2,3,4,3,3,4,4,4,2,2,1,1,3,4,4,5,4,4,4,4,4,4,5,4,4,2,4,4,4,1,2,2,2,4.0,4,4,3,4.0,3,3,4,4.0,2,4,4.0,2,3,4.0,2.0,2.0,3.0,3.0,3,4,3,4.0,4,4.0,3,3.0,3.0,5.0,4.0,4,4,4,2,4,4,5,4,2,3.0,3,3,4,3,5,5,2,4,4,5,2,257,26,3,0,0,17,0,122,1,1,20,1,1,0,0,5037,2,426,0,15,1535,0,0,0,0
84,5,5,5,5,5,3,5,3,5,5,4,5,4,5,5,5,5,5,5,4,5,4,4,5.0,4,5,3,3,4,3,4,3,4,1,2,1,1,2,3,2,1,1,3,1,3,1,1,3,5,4,1,1,2,3,1,1,1,1,3,5,3,5,2,2,2,4,4,5,3,5,5,1,4,1,1,1,1,1,1,5.0,5,5,5,5.0,5,5,5,3.0,4,5,5.0,3,5,3.0,3.0,5.0,5.0,3.0,3,3,3,5.0,5,3.0,5,1.0,5.0,5.0,4.0,3,5,3,3,5,4,5,1,3,1.0,5,1,5,1,1,1,5,1,1,1,26,516,39,0,0,28,7,0,254,0,10,32,0,2,0,0,3587,7,332,0,1,1251,0,0,0,0
77,5,4,5,5,3,3,2,3,4,5,5,5,5,5,4,4,4,3,2,5,4,4,3,3.0,2,3,1,3,3,5,5,3,4,2,4,4,4,4,1,4,2,2,2,4,4,2,3,2,4,5,1,5,4,4,4,1,3,2,2,5,1,5,4,3,4,4,5,3,5,5,4,1,3,2,2,1,3,1,1,5.0,4,5,5,4.0,2,3,3,4.0,2,4,3.0,2,5,3.0,3.0,5.0,3.0,3.0,2,3,5,4.0,3,3.0,4,3.0,5.0,4.0,4.0,5,5,5,2,5,4,5,3,3,2.0,5,2,5,2,4,3,5,5,5,5,13,553,33,16,0,0,47,0,209,1,10,44,1,5,0,0,4418,3,397,0,4,1577,0,0,0,0
82,3,3,3,3,3,3,3,3,4,4,4,4,4,4,3,3,2,2,2,2,2,2,1,2.0,2,2,2,2,2,2,2,4,4,1,1,4,1,4,4,4,1,1,3,4,3,1,2,4,4,4,2,3,3,4,2,1,1,1,1,4,3,4,3,3,3,3,3,3,3,3,3,1,1,1,4,1,4,1,4,2.0,4,4,3,4.0,2,2,4,4.0,2,4,4.0,2,4,2.0,2.0,2.0,2.0,2.0,3,3,4,4.0,4,2.0,2,3.0,3.0,4.0,3.0,3,3,3,3,3,3,4,3,2,2.0,3,2,4,3,3,3,4,2,3,3,11,228,41,0,0,4,15,0,262,0,5,21,3,0,0,1,3722,0,322,0,49,1248,0,1,0,0
98,5,5,5,5,5,4,5,4,5,5,5,5,5,5,5,5,5,5,4,5,5,5,4,5.0,5,5,3,3,3,3,4,5,5,5,4,5,5,5,5,5,5,4,4,5,5,5,5,5,5,5,5,5,3,4,5,5,5,5,4,5,5,5,5,5,5,5,5,4,4,5,5,4,5,5,4,3,5,5,4,4.0,4,4,4,4.0,4,4,5,5.0,5,5,4.0,4,5,4.0,4.0,4.0,4.0,4.0,4,4,4,4.0,4,4.0,4,4.0,4.0,4.0,4.0,4,5,5,3,4,4,4,4,4,4.0,4,5,4,3,4,4,4,4,4,4,2,282,89,2,0,0,140,0,354,0,1,11,39,1,0,0,5242,1,419,0,215,2601,0,0,0,0
83,4,4,4,4,3,3,3,3,4,4,5,5,4,5,3,5,4,4,3,3,4,3,3,3.0,3,3,3,3,4,3,4,3,3,4,3,4,2,5,5,5,2,2,3,4,3,2,2,3,3,4,1,3,2,3,4,2,2,2,4,4,2,4,3,4,3,2,3,3,4,4,3,3,3,5,5,1,1,1,1,5.0,5,5,5,5.0,4,3,5,4.0,3,5,5.0,3,4,1.0,3.0,3.0,3.0,3.0,2,3,4,4.0,5,4.0,5,2.0,4.0,5.0,4.0,4,5,5,4,5,4,5,2,1,1.0,3,2,4,3,4,4,5,3,5,5,97,556,62,0,0,667,149,0,612,1,14,53,8,3,0,0,8549,2,779,0,135,3256,0,1,0,0
81,4,4,5,2,4,4,3,3,3,4,4,4,4,4,4,2,4,4,4,2,4,2,3,4.0,3,4,4,5,4,2,2,4,4,4,4,4,2,3,4,3,3,3,4,3,4,3,4,4,3,4,4,4,4,3,4,4,4,3,3,4,4,4,3,4,4,3,4,4,4,4,4,4,3,4,3,4,3,4,4,4.0,4,4,4,5.0,3,4,4,4.0,2,4,4.0,4,4,4.0,4.0,4.0,4.0,4.0,3,4,4,4.0,4,4.0,3,2.0,4.0,4.0,4.0,2,4,4,4,2,4,4,2,1,2.0,4,2,3,3,5,5,4,2,5,5,3,45,24,0,0,0,10,0,196,0,3,0,0,0,0,0,2929,0,257,0,1,1330,0,2,0,0
90,5,5,5,5,5,1,5,5,5,5,5,5,5,5,5,5,5,5,5,5,5,5,5,5.0,5,5,1,5,1,1,1,5,5,5,5,1,1,5,1,5,5,5,5,4,5,5,5,5,5,5,1,1,3,5,5,1,5,1,5,5,5,5,5,5,5,5,5,4,5,5,1,1,5,5,5,1,1,1,5,5.0,2,5,5,5.0,5,5,1,5.0,5,3,5.0,1,3,1.0,5.0,5.0,5.0,5.0,1,4,5,5.0,3,5.0,2,1.0,5.0,5.0,5.0,4,5,5,1,1,5,4,1,1,1.0,4,1,4,5,1,1,5,5,5,5,0,227,21,0,0,0,31,0,59,0,0,15,5,0,0,0,1500,0,86,0,3,832,0,0,0,0
70,4,4,4,4,4,4,4,4,4,4,4,4,4,4,4,4,4,4,3,4,4,4,4,4.0,4,4,4,4,4,4,4,4,4,3,4,4,3,4,3,3,2,3,3,4,3,4,3,4,4,4,2,3,4,4,3,2,4,4,3,4,4,4,4,4,3,4,4,4,4,4,2,1,4,4,3,2,2,4,4,3.0,3,4,3,4.0,4,3,3,4.0,4,5,5.0,4,4,3.0,4.0,4.0,4.0,4.0,4,3,4,4.0,3,4.0,4,2.0,4.0,4.0,3.0,3,4,4,3,4,3,4,3,3,2.0,4,2,4,2,4,5,4,4,4,4,0,47,16,26,0,0,12,0,175,0,0,1,0,0,0,0,2245,2,228,0,3,542,0,0,0,0
90,4,4,4,3,4,3,4,4,4,4,4,4,4,4,4,3,4,3,4,4,4,4,4,4.0,4,4,2,2,2,2,2,4,4,4,3,3,3,3,2,3,2,2,3,1,2,4,3,3,4,4,2,2,4,5,4,1,1,1,4,4,4,5,3,4,3,3,3,4,4,5,2,1,5,5,4,1,1,1,1,4.0,4,4,4,4.0,3,4,3,4.0,3,4,4.0,4,4,3.0,4.0,4.0,4.0,4.0,3,4,4,4.0,4,4.0,4,4.0,4.0,4.0,4.0,4,4,3,3,3,5,5,3,2,2.0,3,3,3,4,4,4,4,3,4,4,52,745,132,1,0,62,341,0,223,3,4,164,3,17,0,0,3867,3,309,1,50,1560,0,1,0,0
80,3,4,4,3,4,4,4,4,3,4,4,4,4,4,4,3,4,4,3,3,3,3,3,3.0,3,3,3,4,4,3,4,3,2,3,3,4,2,3,4,4,3,3,2,4,3,3,3,4,4,4,3,4,3,4,2,2,3,4,3,4,3,3,3,4,3,3,3,2,3,4,4,2,2,4,4,2,2,2,2,3.0,4,4,4,4.0,4,4,5,3.0,3,4,4.0,3,4,3.0,4.0,3.0,3.0,3.0,2,2,4,4.0,3,3.0,4,2.0,3.0,4.0,4.0,3,4,4,2,3,4,4,2,2,2.0,4,2,4,4,3,3,3,4,4,4,65,439,66,0,0,168,216,0,209,0,52,54,1,0,0,0,3564,1,281,0,1,1405,0,0,0,0
80,4,4,3,4,5,3,4,4,3,4,3,4,4,4,4,3,4,3,3,3,4,3,4,4.0,3,4,3,3,3,2,2,3,4,2,4,3,4,4,4,4,3,2,4,5,4,3,4,4,4,4,3,4,4,4,3,2,2,2,3,5,3,5,4,5,4,4,4,3,4,5,2,1,2,4,5,1,4,2,4,3.0,3,4,3,4.0,4,3,3,3.0,2,4,4.0,4,4,3.0,4.0,4.0,3.0,4.0,4,3,5,4.0,3,3.0,3,2.0,4.0,3.0,4.0,3,3,4,3,3,5,5,2,2,3.0,4,3,5,3,4,3,3,3,5,5,61,444,30,0,0,65,8,0,227,0,8,25,2,0,0,0,3174,0,282,0,77,1151,0,0,0,0
73,2,2,3,2,4,3,2,2,2,4,3,3,3,4,4,5,4,5,2,1,4,2,2,2.0,2,2,4,3,2,4,3,2,2,2,2,2,1,2,4,3,1,1,2,1,2,2,1,3,2,2,1,3,1,2,2,1,1,2,4,3,2,3,2,3,3,3,2,1,3,5,1,2,1,4,4,1,1,2,1,2.0,2,2,2,2.0,3,3,2,2.0,3,2,3.0,2,3,2.0,3.0,4.0,3.0,2.0,4,2,2,2.0,2,2.0,4,4.0,3.0,3.0,4.0,2,2,2,4,2,2,4,3,2,3.0,4,3,4,2,5,5,1,2,5,5,1,36,19,2,0,0,12,0,64,0,1,0,0,1,0,0,1222,0,83,0,11,646,0,0,0,0
83,4,4,4,4,4,4,2,4,3,5,4,5,5,5,4,2,4,2,4,2,5,2,5,5.0,2,4,5,5,5,5,5,4,2,2,4,4,4,4,4,4,1,1,3,1,2,2,3,4,3,3,2,2,4,4,2,2,2,1,4,4,3,4,3,4,3,4,4,3,4,4,4,2,4,5,5,1,1,1,1,4.0,4,4,4,4.0,3,4,4,4.0,3,5,5.0,3,5,2.0,2.0,4.0,4.0,2.0,4,2,4,4.0,4,2.0,4,2.0,4.0,4.0,2.0,4,4,4,2,4,5,5,2,2,2.0,2,2,4,1,5,5,2,2,5,5,5,430,33,11,0,1,7,0,179,1,5,58,4,8,0,0,3088,15,283,0,26,1177,0,3,3,0
81,3,4,4,4,2,2,1,1,4,5,4,4,4,4,4,2,4,4,2,4,4,4,3,2.0,4,4,2,3,1,1,1,5,5,3,4,1,5,4,1,5,2,3,5,5,4,3,4,4,5,5,3,3,4,4,4,3,5,3,5,3,5,3,3,4,3,3,3,4,4,4,3,4,4,3,2,2,5,5,4,4.0,3,4,5,5.0,3,5,2,4.0,5,2,4.0,3,3,3.0,5.0,4.0,5.0,5.0,5,3,5,4.0,3,5.0,4,1.0,2.0,5.0,2.0,4,3,3,2,4,5,5,3,2,1.0,5,2,4,5,5,5,5,3,5,5,3,26,36,3,0,1,20,0,99,0,3,2,2,3,0,0,1768,2,114,0,5,990,0,9,4,2
81,5,4,4,5,5,5,4,3,5,4,4,5,5,5,4,4,5,5,5,4,4,4,4,5.0,4,5,2,2,1,1,1,4,4,2,2,3,2,5,5,4,1,2,2,2,5,3,3,1,4,3,1,5,5,3,4,2,1,2,4,5,4,4,5,5,3,3,4,5,5,5,5,2,4,5,5,1,1,1,3,5.0,5,5,4,5.0,4,5,5,5.0,4,5,5.0,5,5,2.0,4.0,4.0,3.0,3.0,2,5,5,5.0,5,3.0,4,1.0,4.0,5.0,5.0,4,5,5,1,4,5,5,1,1,1.0,5,1,5,3,5,4,4,5,5,5,70,345,39,10,0,219,103,0,199,0,11,35,2,7,0,0,3342,0,273,0,42,1211,0,2,1,5
85,4,4,2,3,4,4,4,2,4,4,3,4,4,4,4,4,4,4,4,4,4,4,4,4.0,4,4,1,1,1,1,1,5,5,4,4,2,2,3,2,3,2,2,3,5,5,2,4,5,4,5,2,5,5,5,4,4,3,5,2,4,5,5,3,2,5,4,4,4,4,4,2,3,4,2,3,2,5,5,5,4.0,3,5,5,5.0,3,4,3,4.0,4,4,5.0,3,4,2.0,4.0,3.0,3.0,3.0,4,2,3,5.0,3,2.0,2,1.0,4.0,5.0,2.0,5,5,3,2,3,4,4,2,1,1.0,5,1,5,3,3,3,5,3,4,2,2,143,20,0,0,1,19,0,113,0,1,10,2,1,0,0,1982,1,162,0,30,682,0,0,0,0
80,4,4,4,5,5,5,5,5,4,4,4,4,4,5,4,3,4,4,4,4,5,4,3,4.0,4,4,5,5,5,4,4,3,3,3,3,3,2,3,4,4,2,3,4,3,3,3,4,4,4,3,3,4,4,3,3,1,3,3,2,3,3,4,3,3,3,3,4,4,4,4,4,2,3,4,4,3,2,2,2,4.0,4,4,4,3.0,4,4,4,4.0,4,5,3.0,3,4,3.0,3.0,3.0,3.0,3.0,3,3,3,3.0,3,3.0,3,3.0,3.0,4.0,4.0,4,4,4,4,4,4,5,2,2,3.0,5,3,4,4,4,4,5,4,5,4,0,450,30,14,0,0,17,0,189,0,0,15,0,1,0,0,3328,2,237,0,10,1533,0,0,0,0
78,4,4,4,4,3,3,3,3,3,3,3,3,3,3,3,3,3,3,3,3,3,3,3,3.0,3,3,3,3,3,3,3,3,4,3,3,2,2,4,4,3,3,3,4,4,4,3,4,4,4,4,3,3,4,4,4,3,4,4,4,4,3,4,4,4,4,4,4,4,4,4,3,3,3,4,3,2,3,2,3,5.0,5,4,4,4.0,4,4,4,4.0,4,4,4.0,4,4,4.0,4.0,4.0,4.0,4.0,3,4,4,4.0,4,4.0,3,3.0,3.0,3.0,3.0,3,4,4,4,4,4,4,2,2,2.0,4,2,4,4,4,4,4,2,4,4,2,399,37,2,0,0,42,0,256,0,2,64,3,0,0,0,4956,0,339,0,1,2659,0,0,0,0
84,5,5,5,4,5,4,5,5,4,5,4,4,5,5,5,5,5,5,5,5,5,5,5,5.0,5,5,5,5,5,5,5,4,4,5,4,4,5,4,5,5,5,5,5,5,5,5,5,5,5,5,5,5,4,5,4,5,5,5,5,5,5,5,5,5,5,5,5,5,5,5,5,5,5,5,5,5,5,5,5,4.0,4,4,5,5.0,4,4,4,5.0,4,5,4.0,4,4,5.0,5.0,5.0,5.0,4.0,4,5,4,4.0,4,4.0,4,4.0,4.0,4.0,4.0,4,5,4,4,4,4,4,4,4,5.0,4,4,4,5,4,4,5,4,5,4,1,23,30,1,0,0,11,0,65,0,1,0,1,0,0,0,1122,3,134,0,5,523,0,0,0,0
89,3,3,3,3,3,3,3,3,3,3,3,3,3,3,3,3,3,3,3,3,3,3,3,3.0,3,3,3,3,3,3,3,3,3,3,3,3,3,3,3,3,3,3,3,3,3,3,3,3,3,3,3,3,3,3,3,3,3,3,3,3,3,3,3,3,3,3,3,3,3,3,3,3,3,3,3,3,3,3,3,2.0,2,2,2,2.0,2,2,2,2.0,2,2,2.0,2,2,2.0,2.0,2.0,2.0,2.0,2,2,2,2.0,2,2.0,2,2.0,2.0,2.0,2.0,2,2,2,2,2,2,2,2,2,2.0,2,2,2,2,2,2,2,2,2,2,8,393,37,0,0,10,30,0,116,2,0,11,0,2,0,0,3490,0,290,0,73,1305,0,0,0,0
82,4,3,3,3,3,3,3,3,3,3,3,3,3,3,3,3,3,3,3,3,3,3,3,3.0,3,3,3,3,3,3,3,4,4,4,4,4,4,4,4,3,3,3,3,3,3,3,3,3,3,3,3,3,3,3,3,3,3,3,3,3,3,3,3,3,3,3,3,3,3,3,3,3,3,3,3,3,3,3,3,3.0,3,3,3,3.0,3,3,3,3.0,3,3,3.0,3,3,3.0,3.0,3.0,3.0,3.0,3,3,3,3.0,3,3.0,3,3.0,3.0,3.0,3.0,3,3,3,3,3,3,3,3,3,3.0,3,3,3,3,3,3,3,3,3,3,5,312,32,27,0,1,28,1,238,0,5,16,1,1,0,0,4244,1,270,0,0,2176,0,0,0,7
58,4,4,5,4,3,3,3,3,5,5,4,5,4,5,4,4,5,5,3,3,4,4,3,3.0,4,3,4,4,3,3,3,4,4,3,3,4,4,3,3,3,2,4,3,5,4,3,4,4,5,5,3,4,4,3,5,3,4,4,4,5,5,5,4,5,5,5,5,3,4,4,3,3,4,3,4,4,1,2,4,4.0,4,5,5,3.0,4,4,1,3.0,4,5,5.0,2,4,3.0,4.0,5.0,5.0,5.0,4,3,5,4.0,3,4.0,3,4.0,4.0,4.0,5.0,3,3,4,4,2,3,4,4,2,3.0,4,3,4,4,4,4,3,4,4,4,5,422,20,42,0,1,1,0,86,0,5,0,1,0,0,0,2160,0,168,0,55,690,0,0,0,1
96,5,5,5,4,5,5,5,2,5,5,5,5,5,5,5,5,5,5,5,5,5,5,5,4.0,5,4,1,1,3,1,3,5,3,3,5,4,5,5,2,5,4,5,5,5,5,5,4,5,5,5,5,5,5,5,4,4,5,3,5,5,5,5,5,5,4,5,5,4,4,5,2,1,5,4,4,3,5,5,5,5.0,5,5,5,5.0,5,5,5,5.0,5,5,5.0,4,5,5.0,5.0,5.0,5.0,5.0,2,5,5,5.0,3,5.0,5,2.0,5.0,5.0,5.0,5,5,5,3,5,5,4,2,1,1.0,5,1,5,4,3,3,3,5,5,5,1,417,35,22,0,0,19,0,137,0,1,69,4,7,0,0,1897,2,192,0,18,431,0,0,0,0
67,4,4,5,4,4,3,5,4,3,5,4,4,5,4,4,4,4,4,3,2,4,2,2,3.0,2,2,3,4,4,5,5,1,3,3,3,3,3,3,3,3,2,3,2,2,4,3,3,3,3,3,3,3,3,3,3,3,3,3,3,3,3,3,3,3,3,3,3,3,3,3,3,3,4,3,3,3,3,3,3,4.0,5,5,5,2.0,4,4,4,5.0,4,5,5.0,3,5,3.0,3.0,5.0,4.0,2.0,4,4,4,4.0,2,4.0,4,4.0,5.0,4.0,4.0,2,4,2,5,2,2,4,1,1,3.0,4,4,4,4,1,1,4,2,5,2,64,400,36,26,0,106,77,1,208,0,6,23,1,2,0,0,4614,1,316,0,0,2285,0,0,0,9
90,4,5,5,3,5,5,5,5,3,4,4,4,5,4,3,5,5,5,5,4,4,4,4,4.0,4,4,5,5,4,4,4,1,5,1,4,1,1,1,3,1,1,1,1,1,1,1,3,3,4,5,1,2,5,2,1,1,1,1,1,3,1,5,5,1,2,2,4,3,4,3,4,1,3,1,3,1,1,1,1,5.0,5,5,5,5.0,1,5,5,5.0,5,5,5.0,5,5,3.0,5.0,1.0,3.0,5.0,1,5,5,5.0,5,4.0,5,3.0,5.0,5.0,5.0,5,4,4,5,5,5,5,1,1,5.0,5,1,4,1,1,1,5,5,5,5,7,429,88,14,0,1,86,1,355,0,7,156,4,6,0,0,5187,5,475,0,231,2244,0,1,0,12
74,1,1,5,1,5,5,5,5,5,5,3,5,4,3,3,3,3,3,5,1,5,1,3,3.0,4,3,4,5,5,5,3,3,1,1,5,1,4,1,1,1,4,1,1,5,3,1,5,5,5,5,1,1,5,5,5,3,1,1,4,5,5,3,1,5,1,1,1,3,3,5,5,1,5,3,5,3,1,4,1,5.0,5,5,5,5.0,5,5,5,5.0,5,5,5.0,5,5,5.0,5.0,5.0,5.0,5.0,5,5,5,5.0,5,5.0,5,5.0,5.0,5.0,5.0,5,5,5,5,5,5,5,5,5,3.0,5,3,5,5,5,5,5,1,5,5,1,100,24,20,0,0,5,1,102,3,1,22,0,189,0,0,1989,25,139,0,35,840,0,2,0,0
88,4,4,4,4,5,4,5,5,4,4,5,5,5,5,4,4,4,4,5,4,4,4,4,4.0,4,4,3,3,3,3,3,4,4,4,4,4,4,4,4,5,5,5,5,5,5,5,5,5,5,5,5,5,4,4,4,4,4,4,4,4,4,4,4,5,5,5,5,3,3,3,3,3,3,5,5,5,5,5,5,4.0,4,4,4,4.0,4,4,4,4.0,4,4,4.0,5,3,5.0,5.0,5.0,5.0,5.0,5,5,4,4.0,4,4.0,4,4.0,4.0,5.0,5.0,5,5,5,2,5,5,5,2,1,2.0,5,2,5,2,2,2,3,2,5,5,5,550,71,60,0,3,58,4,163,0,4,64,7,1,0,1,3706,1,428,0,104,909,0,53,12,21
67,3,3,4,4,4,3,3,3,4,4,3,4,3,4,4,3,3,3,3,2,3,2,2,3.0,2,2,3,3,2,3,3,2,3,2,2,2,2,3,2,2,2,3,3,2,2,2,2,3,3,3,2,2,3,3,3,2,3,2,2,3,3,3,2,3,2,2,2,2,3,3,3,1,3,3,3,2,2,3,2,3.0,3,3,3,3.0,3,3,3,3.0,3,4,4.0,4,4,3.0,3.0,3.0,3.0,4.0,4,4,3,3.0,2,2.0,3,3.0,3.0,3.0,3.0,2,3,3,3,3,3,4,3,3,3.0,3,4,3,2,2,2,3,2,4,3,10,852,28,0,0,0,50,0,102,0,10,44,2,9,0,15,2111,18,160,0,14,1125,0,0,0,0
76,4,5,4,5,5,5,5,5,4,4,4,5,4,5,5,4,5,4,4,3,4,4,4,4.0,4,4,4,5,3,4,4,2,4,2,2,4,2,2,2,3,2,2,2,5,2,2,2,4,4,4,2,2,4,2,2,2,2,2,4,4,2,4,2,5,4,2,4,4,2,4,4,1,1,2,2,1,1,1,1,4.0,4,3,4,4.0,3,3,4,5.0,4,4,4.0,4,3,4.0,4.0,4.0,4.0,4.0,5,3,3,5.0,4,4.0,5,4.0,4.0,4.0,4.0,4,3,3,3,4,3,5,5,5,4.0,5,4,5,3,5,4,5,3,5,5,16,347,38,59,0,17,24,0,97,0,6,18,0,28,0,0,3192,2,276,0,26,996,0,0,0,13
93,4,4,4,4,3,3,3,3,4,3,4,4,3,3,4,3,4,3,3,4,4,4,3,3.0,4,3,2,3,2,2,2,4,4,3,3,3,4,4,3,4,3,4,4,3,4,3,4,4,4,4,2,3,3,4,4,2,3,2,4,4,4,4,4,4,4,4,4,3,3,3,3,1,2,3,3,2,3,1,3,4.0,4,4,3,4.0,4,4,3,3.0,4,3,4.0,3,3,3.0,3.0,3.0,3.0,3.0,3,3,3,3.0,3,3.0,3,3.0,3.0,3.0,3.0,3,3,3,3,3,3,4,2,2,2.0,4,2,4,3,3,3,3,2,3,3,4,193,36,2,0,8,91,0,176,0,4,25,6,0,0,0,2524,0,206,0,80,1202,0,0,0,0
78,4,4,4,4,4,3,3,3,4,3,4,4,4,4,4,4,4,3,3,3,3,3,3,3.0,3,3,2,3,2,2,2,3,4,2,2,2,1,3,1,3,1,2,4,1,3,2,2,4,3,2,2,3,2,3,2,3,1,2,3,4,4,4,3,4,3,2,3,5,4,4,4,1,1,5,4,1,1,1,3,3.0,3,4,4,4.0,4,4,3,3.0,4,3,3.0,3,3,4.0,4.0,3.0,4.0,4.0,3,3,3,4.0,3,3.0,3,2.0,3.0,3.0,3.0,3,4,3,2,3,3,3,3,2,2.0,3,2,3,3,3,3,3,3,3,3,4,267,23,21,0,1,20,0,92,0,4,1,1,0,0,0,1688,0,122,0,1,645,0,0,0,27
89,4,4,3,1,5,5,4,1,4,4,2,3,3,3,4,3,3,3,4,5,5,5,4,4.0,4,4,1,3,1,1,1,5,5,1,1,5,5,1,1,1,1,1,1,1,3,3,3,5,5,5,5,1,5,5,3,3,3,3,3,3,3,3,3,3,3,3,3,3,3,3,3,3,3,3,3,3,1,1,1,3.0,2,3,3,4.0,4,5,2,2.0,3,2,3.0,1,1,3.0,4.0,4.0,4.0,4.0,4,3,3,3.0,3,3.0,2,1.0,2.0,3.0,2.0,3,2,2,4,3,4,5,2,4,1.0,3,1,5,1,1,1,5,1,1,1,0,289,26,22,0,0,27,1,124,0,0,9,5,0,0,0,2359,0,152,0,36,1365,0,0,0,20
91,5,5,5,4,5,5,5,4,5,4,4,5,4,4,4,4,5,3,4,3,4,4,4,4.0,4,4,1,5,5,3,5,3,4,3,4,4,3,5,5,4,3,3,3,3,4,3,5,5,4,5,4,3,4,5,3,4,3,4,4,5,5,5,5,5,4,5,4,3,5,5,4,3,5,5,5,3,2,2,3,5.0,5,5,4,4.0,4,4,5,4.0,4,5,5.0,3,5,5.0,5.0,4.0,4.0,4.0,1,3,3,4.0,4,3.0,4,1.0,3.0,4.0,3.0,4,5,4,1,5,5,5,1,2,1.0,5,1,5,4,4,5,4,4,5,5,1,283,37,0,0,0,17,0,177,1,1,71,2,5,0,0,5625,0,437,0,13,2011,0,0,0,0
96,4,4,4,5,5,2,5,4,5,5,5,5,5,5,5,4,4,4,4,1,5,4,5,3.0,4,3,3,4,4,2,2,4,4,3,3,4,4,4,4,3,3,2,3,4,3,4,5,4,4,4,4,4,4,5,4,4,5,4,4,4,3,4,4,5,4,4,4,4,4,4,4,2,3,4,4,4,4,4,4,3.0,3,3,1,2.0,3,3,3,3.0,3,3,3.0,3,3,3.0,3.0,3.0,4.0,5.0,1,4,5,5.0,4,5.0,5,5.0,5.0,5.0,4.0,5,5,5,4,5,4,5,4,5,1.0,5,5,4,5,4,5,5,5,4,5,12,356,47,2,0,13,61,0,237,0,12,73,3,26,0,0,3140,4,284,0,42,986,0,0,0,0
81,3,3,3,2,3,3,3,2,2,3,3,3,3,3,3,3,3,3,3,3,3,3,3,3.0,3,3,2,2,1,1,2,3,3,3,2,3,2,2,2,2,1,1,2,1,3,2,1,2,2,2,2,1,2,3,2,2,1,3,3,2,2,3,3,3,3,3,3,2,2,2,3,2,2,3,2,1,1,1,1,3.0,3,3,2,3.0,2,3,2,3.0,2,3,3.0,1,3,3.0,2.0,2.0,3.0,3.0,2,1,2,2.0,2,3.0,2,1.0,2.0,3.0,3.0,3,3,3,3,3,3,3,1,2,1.0,3,2,3,2,3,1,2,2,2,2,12,203,17,8,0,0,10,1,127,0,12,64,3,15,0,1,2301,6,178,0,10,1000,0,3,0,6
76,4,4,5,4,5,3,3,3,4,4,3,4,4,4,4,4,4,4,2,3,2,3,2,2.0,2,2,4,4,4,4,3,4,2,4,4,2,4,3,4,3,1,3,3,2,2,1,3,4,3,3,2,2,4,4,3,1,2,2,2,3,1,2,3,2,2,2,3,3,4,4,3,1,4,4,4,1,1,1,1,2.0,3,3,3,4.0,3,2,1,2.0,2,4,4.0,2,2,2.0,2.0,2.0,2.0,3.0,4,2,2,2.0,2,2.0,2,2.0,2.0,2.0,2.0,2,2,2,4,2,3,5,4,4,2.0,3,4,3,2,5,4,4,2,5,5,21,780,36,17,0,21,42,0,156,0,8,25,4,0,0,1,2355,0,236,0,13,790,0,3,4,0
81,3,3,5,4,4,4,3,3,4,4,4,5,4,5,4,4,4,4,4,3,4,3,3,4.0,3,3,2,3,3,4,5,3,4,1,1,3,1,4,2,4,1,1,2,1,2,1,3,4,3,3,2,1,4,4,4,2,2,1,3,4,3,4,4,3,2,2,3,2,3,4,3,1,5,3,4,1,2,1,2,5.0,4,4,4,3.0,3,3,3,4.0,3,5,4.0,3,4,3.0,4.0,3.0,3.0,4.0,2,3,4,3.0,4,3.0,4,2.0,4.0,4.0,3.0,4,4,4,2,3,4,5,3,2,2.0,4,4,4,1,1,1,4,3,4,4,26,506,59,15,0,76,168,0,202,0,9,55,11,2,0,0,3453,0,283,0,114,1424,0,0,0,12
76,3,3,3,3,5,4,5,4,3,3,3,3,3,3,3,3,3,2,2,2,2,2,1,1.0,2,1,4,4,5,4,5,4,4,5,5,3,5,3,5,3,1,3,3,1,2,3,2,3,3,3,3,2,3,4,3,1,2,1,2,3,2,3,3,3,3,3,3,2,2,5,5,1,5,5,5,1,1,1,1,3.0,3,4,3,3.0,3,4,4,4.0,3,5,5.0,2,3,3.0,3.0,3.0,3.0,4.0,3,3,3,3.0,3,3.0,4,4.0,4.0,3.0,3.0,3,5,4,3,5,4,3,2,2,3.0,3,3,3,1,1,3,3,2,5,3,6,212,36,12,0,1,45,0,356,0,1,4,3,2,0,0,5023,1,421,0,0,1997,0,0,0,1
54,4,4,4,4,4,4,5,5,4,4,4,4,4,4,4,2,3,2,4,3,4,4,4,4.0,4,4,3,3,4,3,3,4,5,3,2,4,4,4,5,4,4,4,2,3,4,4,3,5,5,3,2,4,4,2,4,3,3,2,3,3,3,4,4,4,4,4,4,3,3,4,2,2,4,4,4,2,5,3,3,4.0,4,4,4,5.0,4,4,4,4.0,4,4,4.0,4,4,4.0,4.0,4.0,4.0,4.0,2,4,4,4.0,4,4.0,4,2.0,4.0,4.0,4.0,4,4,4,2,4,4,4,2,2,2.0,4,3,4,3,4,3,4,4,4,4,6,135,19,0,0,1,9,0,103,0,6,14,1,2,0,0,1525,1,122,0,2,486,0,0,0,0
80,4,5,5,4,4,3,3,3,3,5,5,4,4,5,4,4,4,4,3,3,5,4,3,3.0,3,3,3,3,3,3,4,3,4,3,3,4,2,4,3,4,2,2,3,2,3,2,2,3,3,4,3,4,3,4,2,2,2,1,3,3,3,4,4,3,3,3,4,3,4,4,3,3,4,3,3,1,1,1,3,4.0,4,4,4,5.0,4,4,3,4.0,3,4,4.0,3,3,3.0,4.0,4.0,4.0,3.0,3,3,5,4.0,3,3.0,4,3.0,3.0,4.0,3.0,3,4,4,3,4,3,4,3,3,2.0,3,2,3,3,4,4,4,3,4,4,43,464,48,1,0,116,214,0,335,0,32,95,7,4,0,2,5582,1,415,0,80,2771,0,0,0,1
80,4,3,3,4,2,4,5,5,4,4,3,5,3,4,5,4,5,4,3,2,4,3,2,2.0,3,3,5,5,5,5,4,5,4,3,4,2,3,4,4,4,2,1,3,1,3,2,3,4,4,3,2,3,3,3,4,2,1,2,3,3,2,4,4,5,4,4,4,4,4,4,2,1,2,4,5,2,2,2,3,4.0,3,3,3,3.0,2,2,3,3.0,2,2,4.0,2,3,2.0,2.0,4.0,2.0,3.0,4,2,2,3.0,3,3.0,2,3.0,3.0,4.0,3.0,3,2,2,3,4,4,5,4,2,3.0,3,3,3,2,3,2,4,4,4,4,1,359,30,20,0,0,82,0,220,0,1,4,3,5,0,0,3087,3,267,0,22,1178,0,0,0,2
85,3,3,5,2,5,5,5,4,5,5,5,5,5,5,4,1,5,5,5,2,5,2,4,4.0,4,4,3,4,1,1,4,4,3,2,3,4,2,4,2,3,2,4,4,2,4,5,3,5,5,5,3,3,5,3,5,1,2,2,4,5,2,5,5,5,5,5,5,4,5,5,3,3,5,5,5,3,1,3,3,4.0,4,4,4,4.0,5,4,3,5.0,4,3,4.0,5,4,3.0,5.0,5.0,4.0,2.0,1,5,4,3.0,3,3.0,4,1.0,4.0,3.0,4.0,2,3,4,5,4,4,5,3,4,3.0,4,2,4,2,4,2,2,4,3,5,7,310,32,36,0,2,14,0,205,0,7,49,3,7,0,0,3233,9,245,0,52,1376,0,0,0,0
87,5,5,5,5,5,5,4,4,4,3,4,5,5,5,5,5,5,3,4,4,5,4,5,5.0,5,5,2,2,2,2,2,4,4,2,2,4,3,3,4,3,2,2,4,4,3,2,3,4,4,4,2,2,4,4,3,3,3,2,3,3,4,4,3,3,2,4,3,4,3,5,3,2,5,4,3,1,1,1,1,5.0,5,5,4,4.0,5,5,3,3.0,4,5,5.0,3,5,5.0,5.0,5.0,5.0,5.0,3,4,5,4.0,5,5.0,4,2.0,5.0,4.0,5.0,4,5,4,2,5,5,5,2,1,1.0,1,1,2,3,4,4,5,4,4,4,6,354,45,7,0,4,30,0,192,0,6,27,6,7,0,0,2458,0,204,0,45,856,0,2,0,0
84,5,4,5,4,5,4,5,4,5,4,5,4,5,4,5,4,5,4,5,4,5,4,5,4.0,5,4,5,4,5,4,5,4,5,2,5,4,4,3,2,3,3,3,4,1,2,2,4,5,5,5,5,5,5,5,5,3,4,3,3,3,3,3,4,4,4,4,4,4,3,3,3,3,3,2,4,2,2,3,5,3.0,3,3,3,4.0,3,4,3,4.0,3,3,4.0,3,4,3.0,4.0,4.0,3.0,4.0,4,3,3,4.0,3,4.0,3,4.0,4.0,3.0,4.0,3,5,5,2,4,5,5,2,2,5.0,4,3,4,5,3,4,5,4,3,4,4,221,59,2,0,0,86,0,149,0,2,52,10,11,0,1,2356,1,222,0,173,1094,0,5,1,0
96,3,4,3,4,3,4,3,3,4,3,4,4,3,4,4,3,3,2,4,4,3,3,4,4.0,3,3,4,4,3,4,4,4,3,4,3,4,4,4,3,3,3,4,3,5,4,4,3,5,4,4,5,3,4,3,4,3,5,3,3,4,3,4,3,4,4,3,4,4,3,4,2,3,4,3,3,4,3,4,3,3.0,2,2,3,3.0,4,5,2,3.0,5,4,3.0,1,3,4.0,5.0,4.0,5.0,5.0,4,3,4,5.0,4,5.0,3,4.0,5.0,4.0,5.0,2,3,3,3,1,5,4,1,2,1.0,4,1,3,1,1,1,5,2,1,2,1,434,35,101,0,1,10,4,108,0,1,63,4,7,0,7,1495,4,147,0,2,584,0,0,0,2
86,4,4,4,4,4,4,4,4,4,4,3,5,4,5,4,5,5,4,4,3,5,5,5,3.0,4,4,4,5,4,4,5,4,3,5,4,2,2,2,2,3,3,3,5,3,3,2,1,2,2,5,3,2,4,5,2,1,3,2,5,5,3,5,4,5,3,3,2,3,5,5,4,1,3,5,5,3,3,1,2,4.0,3,5,5,3.0,4,4,4,4.0,4,4,4.0,4,4,4.0,4.0,4.0,4.0,4.0,4,4,4,5.0,5,4.0,3,5.0,4.0,3.0,5.0,4,5,2,5,5,4,5,1,3,2.0,5,1,5,2,4,1,4,5,5,5,2,275,22,0,0,0,62,0,256,0,2,11,0,0,0,2,3118,0,292,0,4,1205,0,0,0,0
85,4,4,4,4,3,3,4,1,4,4,4,4,4,4,4,4,5,4,3,3,4,2,3,3.0,3,3,1,4,1,2,3,4,4,4,3,4,3,4,2,4,2,3,4,3,3,3,3,4,4,4,2,3,5,2,5,2,3,2,3,4,3,4,4,5,2,2,4,4,3,4,4,1,4,5,4,1,1,2,2,4.0,5,4,4,5.0,3,3,5,5.0,4,5,5.0,5,5,3.0,4.0,4.0,4.0,4.0,2,3,4,3.0,4,4.0,3,2.0,5.0,5.0,5.0,5,5,4,2,5,3,5,4,2,3.0,5,2,4,3,3,3,5,4,5,5,0,142,21,0,0,0,17,0,209,0,0,0,0,2,0,6,3499,2,307,0,4,1405,0,0,0,0
74,4,4,5,4,4,4,3,2,3,4,4,4,4,4,3,3,3,2,2,3,3,3,2,3.0,3,3,3,3,3,3,2,4,4,2,2,2,2,3,2,4,2,2,1,1,3,1,3,3,3,4,2,4,4,4,3,1,3,1,2,3,3,4,3,4,3,4,3,3,4,4,4,1,4,5,3,1,1,1,1,3.0,4,4,4,4.0,4,4,4,4.0,4,2,4.0,4,2,2.0,3.0,3.0,2.0,4.0,2,2,4,4.0,4,2.0,3,3.0,3.0,4.0,4.0,2,4,4,3,1,4,5,2,1,2.0,5,2,4,1,1,1,5,4,4,3,1,310,22,0,0,0,11,0,197,0,1,0,0,1,0,6,2912,1,248,0,1,1061,0,0,0,0
90,4,4,4,4,3,3,3,3,4,4,4,4,4,4,5,5,5,4,4,5,5,5,4,4.0,4,4,2,2,3,3,3,4,4,2,3,4,4,4,2,4,3,3,4,5,5,4,4,4,4,5,4,3,4,3,4,4,3,2,4,5,4,5,3,5,5,4,3,4,5,5,3,1,4,3,2,1,1,1,3,4.0,4,5,4,4.0,4,3,3,3.0,3,4,4.0,3,4,3.0,4.0,3.0,4.0,3.0,3,2,3,4.0,3,2.0,3,2.0,3.0,5.0,3.0,3,3,2,3,3,5,4,3,2,2.0,3,3,3,5,4,3,4,3,3,3,12,460,28,0,0,14,43,0,147,0,3,25,0,2,0,0,2364,1,186,0,1,1083,0,0,0,0
80,3,4,5,5,5,1,5,2,3,4,3,5,5,5,5,5,5,5,5,3,5,3,5,5.0,4,5,1,1,1,1,1,3,4,1,1,3,2,2,2,2,1,3,2,3,3,2,2,5,5,3,1,1,5,3,4,1,3,2,4,3,4,5,3,5,4,3,3,5,5,5,1,1,4,5,5,1,1,1,5,2.0,2,3,3,4.0,3,3,3,2.0,3,2,4.0,1,1,3.0,4.0,4.0,3.0,4.0,5,3,4,5.0,2,3.0,3,2.0,2.0,4.0,3.0,3,1,3,4,1,4,4,5,1,2.0,4,1,3,2,4,1,5,1,5,5,2,185,31,54,0,0,27,0,117,0,2,41,0,0,0,0,1906,0,152,0,7,906,0,6,2,0
82,3,3,3,3,3,3,3,3,3,3,3,3,3,3,3,3,4,4,1,1,1,1,1,1.0,1,1,4,4,4,4,4,4,3,4,2,2,2,2,3,2,3,2,3,4,3,4,3,3,2,2,4,4,2,2,3,2,4,2,3,3,4,4,4,4,3,3,3,2,2,3,4,4,3,2,3,3,3,3,3,3.0,3,3,3,3.0,3,3,3,3.0,3,3,3.0,3,3,2.0,2.0,2.0,2.0,2.0,2,2,2,2.0,2,2.0,2,2.0,2.0,2.0,2.0,2,2,2,2,2,2,2,2,2,2.0,2,2,2,2,2,2,2,2,2,2,6,389,24,0,0,0,26,0,170,0,3,2,0,0,0,0,2850,0,225,0,15,1412,0,0,0,0
93,4,5,5,3,4,3,5,3,5,5,5,5,5,5,5,5,5,5,4,3,5,3,3,4.0,4,4,4,5,3,4,4,4,4,4,3,1,1,4,4,5,1,4,3,4,5,3,5,5,4,4,2,2,5,3,2,3,3,4,5,5,4,5,5,4,5,5,5,5,5,5,5,2,4,4,5,3,2,1,4,4.0,4,4,4,5.0,4,4,4,5.0,3,5,5.0,5,5,2.0,5.0,4.0,5.0,5.0,1,2,4,4.0,3,3.0,4,1.0,5.0,5.0,5.0,5,5,5,1,3,5,5,1,1,1.0,2,1,2,4,3,4,5,4,4,4,3,416,38,2,0,0,57,0,288,0,0,13,5,34,0,0,4142,1,339,0,1,1502,0,0,0,0
82,4,5,5,4,3,1,3,3,5,5,5,5,5,5,4,4,5,2,3,5,5,5,3,3.0,5,5,1,4,1,1,1,5,5,5,5,3,4,3,3,3,4,4,5,5,5,4,5,5,5,5,4,4,5,5,5,4,4,3,5,5,5,5,3,3,5,5,5,5,5,5,3,2,3,4,3,2,5,3,3,3.0,3,5,5,5.0,5,5,4,5.0,5,3,5.0,2,4,5.0,5.0,5.0,5.0,5.0,4,3,3,4.0,3,3.0,4,1.0,2.0,5.0,2.0,2,5,5,5,3,3,3,2,1,2.0,5,1,2,1,1,1,4,4,5,5,0,0,24,0,0,0,5,1,77,0,0,0,1,0,0,0,1576,0,136,0,5,648,0,0,0,0
82,4,4,5,2,3,2,4,3,5,5,4,5,4,4,4,4,4,4,4,3,4,3,3,3.0,3,3,2,3,3,3,3,4,4,2,4,4,3,2,4,3,1,2,3,2,3,2,3,4,3,3,3,2,4,4,3,1,1,2,3,4,2,3,2,3,2,4,3,4,4,3,4,1,2,4,3,1,2,1,2,5.0,4,5,4,3.0,3,3,5,3.0,3,4,5.0,4,4,3.0,4.0,4.0,4.0,4.0,3,2,4,4.0,2,2.0,2,1.0,3.0,4.0,4.0,4,4,4,4,4,4,4,2,1,1.0,1,2,3,4,4,2,4,3,4,4,45,161,20,0,0,207,94,0,145,0,2,7,1,0,0,0,1659,0,161,0,11,642,0,0,0,0
85,5,4,5,4,5,2,4,3,4,5,5,5,5,5,4,5,5,4,4,3,4,4,4,4.0,3,4,1,2,1,1,1,3,3,2,3,4,2,3,2,3,2,3,3,4,4,2,3,3,4,4,3,2,4,4,4,2,2,2,2,3,3,4,4,3,3,3,3,4,4,4,2,2,4,4,2,2,1,1,2,5.0,5,3,5,5.0,3,4,4,5.0,4,5,4.0,3,4,3.0,3.0,4.0,4.0,4.0,3,3,4,4.0,5,3.0,4,2.0,4.0,4.0,4.0,5,5,4,3,4,5,5,1,1,1.0,4,2,4,5,3,2,4,4,5,4,1,416,37,0,0,0,25,0,228,0,0,28,2,2,0,0,4269,0,352,0,6,1591,0,0,0,0
87,5,5,5,5,5,5,5,5,5,5,5,5,5,5,5,5,5,5,4,4,5,4,4,5.0,4,4,3,4,4,4,3,3,4,2,3,3,3,3,3,3,2,1,1,1,1,1,3,3,3,3,2,2,4,2,2,3,1,1,2,3,3,4,4,2,2,2,3,3,4,4,4,1,1,3,4,1,1,1,2,5.0,5,5,5,5.0,5,5,5,5.0,5,5,5.0,5,5,5.0,5.0,5.0,5.0,5.0,4,4,5,4.0,4,4.0,4,4.0,5.0,4.0,4.0,4,4,3,4,4,4,4,4,4,4.0,4,4,4,3,3,3,4,4,4,4,3,121,20,0,0,0,27,0,195,0,1,24,2,1,0,0,2932,4,235,0,3,1033,0,0,0,0
81,5,5,5,5,5,5,4,5,5,5,5,5,5,5,5,5,5,5,5,5,5,5,5,5.0,5,5,1,3,1,1,5,5,4,5,4,3,4,5,3,5,4,5,5,3,5,5,5,5,5,5,5,4,5,5,3,2,2,4,5,5,3,5,5,2,4,5,5,5,5,5,3,2,4,5,4,3,5,2,3,5.0,5,5,5,5.0,5,5,5,5.0,5,5,5.0,5,5,5.0,5.0,5.0,5.0,5.0,5,5,5,5.0,5,5.0,4,2.0,5.0,5.0,5.0,5,5,5,5,5,5,5,1,1,5.0,5,3,4,5,5,5,5,5,5,5,4,35,26,1,0,0,14,0,216,0,4,7,1,1,0,12,3017,0,261,0,1,706,0,0,0,1
81,3,3,4,3,4,3,4,3,3,4,3,4,3,4,4,4,4,4,4,3,4,3,4,4.0,3,4,3,3,3,3,3,4,4,4,3,4,4,3,4,4,3,3,3,3,3,3,3,4,3,3,3,4,3,4,3,3,3,3,3,4,3,3,3,3,3,3,4,3,3,3,3,3,3,4,3,3,3,3,3,4.0,4,4,4,4.0,4,4,3,4.0,3,4,4.0,3,4,3.0,4.0,3.0,3.0,3.0,2,3,3,3.0,3,3.0,4,3.0,3.0,4.0,3.0,3,4,4,3,3,4,5,3,1,2.0,3,2,4,4,4,4,3,3,4,4,1,154,24,0,0,0,104,0,305,0,1,15,1,12,0,0,5209,5,356,0,0,2808,0,0,0,0
67,4,4,5,5,3,3,4,3,4,5,4,5,4,5,4,4,4,4,3,3,5,3,4,4.0,3,3,3,4,2,2,4,4,3,3,4,2,3,3,4,3,2,2,3,4,3,3,4,4,5,5,2,4,5,4,3,2,2,4,3,5,4,5,4,4,3,5,4,4,4,5,3,1,3,5,5,2,1,3,3,4.0,3,5,4,4.0,3,4,5,4.0,3,5,5.0,4,5,3.0,5.0,4.0,4.0,4.0,2,4,5,3.0,3,5.0,5,2.0,4.0,5.0,5.0,3,5,4,3,4,4,5,4,2,2.0,4,3,4,3,5,4,2,4,5,5,0,133,21,0,0,0,82,0,123,0,0,1,0,0,0,0,2395,0,167,0,0,1025,0,0,0,0
89,4,4,4,3,3,3,5,3,4,5,4,4,4,4,4,4,4,4,4,4,4,4,4,4.0,3,4,2,4,3,2,3,4,4,2,2,5,2,3,2,4,3,2,3,4,4,3,4,4,4,4,3,2,5,4,3,1,4,2,3,4,4,5,4,5,3,4,4,4,4,4,2,1,3,4,4,4,2,2,3,4.0,4,4,4,4.0,4,4,4,4.0,4,4,4.0,4,4,4.0,4.0,4.0,4.0,4.0,2,3,4,4.0,4,3.0,4,2.0,4.0,4.0,4.0,4,4,4,2,4,4,5,2,1,1.0,4,2,4,4,5,4,5,3,4,5,0,61,18,0,0,0,11,0,141,0,0,7,0,0,0,0,2351,0,201,0,1,816,0,0,0,0
79,4,4,5,3,3,3,3,3,4,4,4,5,4,4,4,4,4,4,4,3,4,4,4,4.0,4,4,2,4,3,3,2,4,5,4,4,1,2,3,2,4,2,2,3,1,3,1,2,1,1,4,1,1,4,3,3,2,2,1,4,4,4,3,3,2,2,3,4,4,4,3,4,1,1,1,1,1,1,1,1,4.0,3,4,3,5.0,4,4,2,3.0,4,3,5.0,1,3,3.0,4.0,3.0,4.0,4.0,3,3,4,4.0,2,4.0,3,1.0,3.0,4.0,3.0,1,3,3,2,4,4,4,1,1,2.0,4,3,2,3,2,2,4,1,4,3,0,94,20,9,0,0,4,0,116,0,0,4,1,2,0,0,1504,0,156,0,0,421,0,0,0,0
94,5,3,4,3,5,4,4,3,5,5,5,5,5,5,5,5,5,5,5,5,5,5,5,5.0,5,5,2,3,1,1,1,4,4,3,1,3,1,4,3,4,3,2,2,3,3,2,3,4,4,4,4,4,4,4,4,3,3,4,4,5,5,4,4,4,4,4,4,4,3,4,1,1,5,4,4,2,1,1,4,5.0,4,4,4,5.0,5,5,4,4.0,4,4,4.0,3,4,4.0,4.0,4.0,4.0,4.0,5,4,3,4.0,3,3.0,4,2.0,4.0,4.0,4.0,4,4,3,4,3,4,4,2,2,1.0,1,1,5,3,1,1,5,5,5,5,4,117,38,9,0,1,35,0,101,0,4,3,4,20,0,0,2038,4,181,0,7,849,0,0,0,3
88,4,5,4,4,4,3,4,3,4,4,4,5,4,3,5,3,4,3,4,4,5,4,4,4.0,4,5,3,4,2,1,2,4,4,2,3,4,2,3,2,3,2,3,4,1,4,3,4,4,4,5,3,2,4,5,4,2,3,2,4,5,5,4,4,5,4,3,4,3,4,5,2,1,3,4,5,2,1,4,4,4.0,3,4,3,4.0,4,5,2,4.0,4,4,4.0,3,4,2.0,4.0,4.0,4.0,4.0,2,2,4,4.0,4,2.0,2,2.0,4.0,4.0,3.0,3,4,3,3,4,4,2,2,2,1.0,3,2,3,4,4,4,4,2,4,4,1,169,23,0,0,0,20,0,92,0,1,21,2,1,0,0,1657,1,121,0,35,685,0,0,0,0
87,5,5,5,5,5,4,5,4,5,5,5,5,5,5,5,5,5,5,5,5,5,5,5,5.0,5,5,2,4,5,4,4,5,4,4,3,2,4,4,3,4,2,3,4,4,5,3,4,5,5,5,4,5,5,4,5,5,3,4,5,5,4,5,5,2,5,4,5,4,5,5,5,1,4,4,1,1,1,1,4,5.0,4,5,5,5.0,5,5,5,5.0,5,3,5.0,3,5,5.0,5.0,5.0,5.0,5.0,2,3,5,5.0,4,4.0,5,1.0,3.0,5.0,4.0,5,5,5,2,4,5,5,2,2,2.0,5,1,5,2,1,1,5,5,5,3,0,26,25,95,0,0,14,2,144,1,0,0,0,1,0,0,1306,0,196,0,116,312,0,0,0,1
80,5,5,5,5,4,3,4,2,5,4,5,5,5,5,5,5,5,5,5,5,5,5,5,4.0,5,5,4,2,3,4,5,4,5,2,1,1,3,3,1,3,2,2,4,2,5,1,1,4,4,4,4,2,5,5,4,4,2,2,4,3,3,5,4,5,3,3,4,3,5,5,4,1,3,4,4,1,1,1,2,4.0,3,4,4,5.0,3,5,3,4.0,4,3,3.0,4,3,1.0,3.0,3.0,4.0,4.0,2,3,3,3.0,2,3.0,2,1.0,2.0,5.0,3.0,3,5,5,5,5,5,5,2,1,1.0,3,1,3,3,3,3,2,2,4,4,1,132,19,0,0,0,46,0,122,1,1,15,1,5,0,0,3757,3,282,0,4,1763,0,0,0,0
74,4,3,3,3,4,4,4,3,3,3,3,3,3,3,4,4,3,3,3,3,2,2,2,3.0,2,3,4,4,4,4,4,4,3,4,2,2,3,3,4,3,2,2,3,2,3,2,4,4,4,4,3,3,3,4,2,2,2,2,3,4,4,4,3,4,3,3,4,2,3,4,4,2,2,4,4,2,1,3,2,3.0,3,3,3,2.0,2,2,3,3.0,2,3,3.0,3,3,3.0,4.0,3.0,2.0,2.0,3,2,3,3.0,2,3.0,3,3.0,3.0,4.0,2.0,2,4,3,3,3,3,4,2,2,3.0,4,3,3,2,3,3,4,4,4,4,0,60,18,15,0,0,11,0,75,0,0,5,0,0,0,4,1599,0,125,0,43,643,0,0,0,15
80,5,5,5,4,4,4,4,5,5,5,5,5,5,5,5,4,5,5,4,5,5,5,5,5.0,5,5,1,5,2,1,1,5,4,3,3,3,3,3,2,3,1,1,4,1,3,3,1,3,2,3,1,4,4,4,4,2,2,2,3,4,3,3,3,3,3,3,3,4,4,4,1,2,2,4,4,2,2,2,3,4.0,4,4,3,5.0,4,5,4,4.0,5,5,5.0,3,5,4.0,4.0,4.0,4.0,4.0,3,3,5,4.0,4,4.0,5,2.0,3.0,5.0,3.0,3,4,4,3,5,5,5,1,1,1.0,5,3,5,4,5,4,4,5,5,5,1,271,19,2,0,0,14,0,133,0,1,19,2,0,0,2,2982,1,258,0,0,1173,0,0,0,0
94,4,3,5,3,5,5,5,3,4,5,5,5,5,5,5,5,5,5,5,4,5,5,5,5.0,4,5,1,2,1,1,1,4,2,2,3,3,1,2,4,2,3,3,3,2,3,1,2,4,4,3,2,1,4,4,3,2,2,1,3,3,2,2,2,3,2,1,4,2,3,4,4,1,4,5,4,3,4,1,2,5.0,4,5,5,3.0,3,4,2,4.0,5,5,5.0,1,4,2.0,4.0,3.0,4.0,4.0,5,3,5,4.0,5,2.0,4,1.0,4.0,4.0,5.0,4,4,4,2,5,4,4,4,1,3.0,3,2,3,5,5,5,4,4,5,4,1,352,13,0,0,0,1,0,199,0,1,0,1,2,0,0,3268,1,324,0,55,1238,0,0,0,0
97,4,4,4,4,3,4,5,3,5,5,5,5,4,4,4,4,5,5,4,4,4,4,5,5.0,3,4,1,2,2,2,1,4,4,2,2,2,3,2,3,4,1,2,3,3,3,2,2,4,3,3,3,2,4,4,2,4,3,1,4,3,3,3,4,4,4,4,4,4,5,5,3,1,4,5,5,2,4,2,2,4.0,3,3,4,3.0,5,5,5,3.0,5,5,5.0,4,4,4.0,4.0,3.0,4.0,4.0,3,3,4,3.0,4,3.0,4,2.0,3.0,4.0,4.0,3,4,4,2,4,4,4,2,4,3.0,4,2,4,4,4,2,4,4,4,4,1,237,20,191,0,0,11,7,154,0,1,0,0,1,0,1,2079,0,207,0,67,585,0,0,0,12
89,3,3,3,3,4,4,4,3,4,4,3,4,3,4,4,3,4,3,4,4,4,4,3,3.0,3,4,2,3,3,3,4,4,3,3,4,4,5,3,2,3,3,4,4,4,3,3,4,4,4,3,3,2,3,4,3,4,3,4,4,4,3,3,3,4,3,3,4,3,3,4,3,1,3,3,2,3,4,2,3,4.0,4,5,4,5.0,4,4,5,5.0,4,4,5.0,3,4,3.0,4.0,4.0,4.0,4.0,3,3,4,4.0,3,4.0,4,1.0,4.0,4.0,3.0,4,4,4,2,4,4,4,2,2,2.0,3,1,4,3,2,2,5,4,4,4,0,145,17,0,0,0,24,0,102,0,0,0,0,1,0,0,1579,0,132,0,23,617,0,0,0,0
94,4,3,5,4,4,3,5,2,5,4,4,4,3,4,4,4,5,4,4,4,5,4,3,4.0,4,4,1,4,2,3,1,4,4,2,4,3,2,5,1,4,2,4,3,3,1,2,4,4,2,4,2,4,4,3,3,3,2,2,1,3,3,4,2,2,1,2,4,3,4,4,1,1,1,4,2,2,3,1,1,4.0,5,5,3,4.0,3,4,3,4.0,3,5,5.0,3,4,2.0,4.0,4.0,3.0,4.0,3,2,4,4.0,2,4.0,3,2.0,3.0,4.0,2.0,2,2,2,3,2,4,5,2,2,2.0,3,2,3,1,1,1,4,2,2,2,3,263,22,0,0,0,56,0,168,0,3,16,0,0,0,0,2417,0,187,0,39,982,0,0,0,0
81,4,3,4,3,3,4,3,3,4,3,4,5,3,3,3,3,3,3,2,3,4,3,3,2.0,3,3,3,2,3,2,3,5,3,4,3,4,4,3,3,3,1,1,4,1,3,1,4,4,4,5,4,4,4,3,4,3,2,3,4,4,2,2,4,3,2,4,4,3,4,4,3,2,3,4,5,1,1,1,1,4.0,4,4,4,5.0,2,2,2,4.0,2,5,5.0,4,4,3.0,4.0,3.0,5.0,4.0,3,2,4,3.0,1,3.0,3,3.0,3.0,4.0,2.0,3,4,3,3,4,4,3,3,2,3.0,4,3,2,1,5,4,4,1,5,5,1,221,16,0,0,0,30,0,117,0,1,0,0,1,0,0,2004,0,158,0,43,776,0,0,0,0
80,3,3,4,3,3,3,4,3,3,3,3,3,3,3,3,3,3,3,3,3,3,3,3,3.0,3,3,3,3,3,3,3,3,3,3,3,3,3,3,3,3,2,3,3,3,3,3,3,3,3,3,3,3,4,4,4,3,3,3,4,4,3,3,4,4,3,4,4,4,4,4,4,2,3,4,4,3,3,3,3,3.0,3,3,3,4.0,3,3,3,3.0,3,4,4.0,3,4,3.0,3.0,3.0,3.0,3.0,3,3,3,3.0,3,3.0,3,3.0,3.0,3.0,3.0,3,3,3,3,3,3,3,3,2,2.0,3,3,3,2,3,3,3,3,3,2,0,232,21,0,0,0,38,0,285,0,0,16,2,1,0,1,4413,0,332,0,13,1941,0,1,1,0
64,4,4,3,3,4,5,5,3,1,3,1,5,1,4,4,1,1,1,2,2,3,1,1,2.0,1,2,3,3,4,4,5,3,4,4,2,4,2,2,3,3,1,1,2,2,3,2,4,3,3,2,3,4,3,3,3,3,3,2,4,5,3,4,5,5,4,3,4,3,3,4,3,3,3,4,5,1,1,2,3,4.0,4,4,4,4.0,4,3,4,2.0,4,3,3.0,2,4,3.0,4.0,3.0,3.0,3.0,2,3,4,3.0,2,4.0,4,3.0,3.0,4.0,4.0,4,4,4,5,3,3,5,1,2,1.0,5,2,5,3,3,3,4,2,5,5,2,69,15,0,0,0,0,0,125,2,2,2,0,0,0,0,1942,0,239,0,0,411,0,0,0,0
62,4,5,3,4,3,2,1,3,4,4,3,4,3,4,4,3,4,4,2,2,5,2,2,3.0,4,3,2,4,4,3,3,4,3,5,5,3,4,4,3,2,4,5,2,4,3,4,4,2,4,3,4,4,4,2,4,2,3,5,3,2,3,2,4,4,2,3,4,3,3,3,3,2,4,3,3,3,3,2,4,4.0,4,5,5,5.0,5,5,3,4.0,4,3,3.0,2,3,5.0,5.0,3.0,4.0,4.0,3,2,4,3.0,2,4.0,3,2.0,4.0,4.0,3.0,4,5,4,2,4,4,4,3,2,1.0,4,2,4,2,1,1,5,2,1,1,1,33,10,0,0,0,19,0,184,0,1,9,0,5,0,0,3186,2,230,0,43,1572,0,0,0,0
85,3,4,4,5,4,2,3,2,5,5,4,5,4,5,5,5,5,3,3,3,4,2,2,2.0,2,2,3,4,4,2,3,4,2,2,4,1,1,4,4,4,1,1,2,1,3,1,4,4,3,4,1,2,4,2,1,2,1,3,3,4,3,5,4,2,3,2,4,2,4,4,4,1,1,4,2,1,1,1,1,4.0,3,4,4,5.0,2,1,2,4.0,4,5,5.0,2,5,2.0,2.0,3.0,4.0,4.0,2,1,1,4.0,4,2.0,4,3.0,4.0,2.0,4.0,3,3,4,1,2,3,5,1,3,2.0,3,3,2,2,2,2,4,3,3,3,2,418,43,0,0,0,25,0,350,0,1,30,0,0,0,0,4744,0,453,0,7,1752,0,0,0,0
87,5,5,5,4,4,3,2,4,5,5,3,4,4,4,4,3,4,3,3,5,3,4,3,3.0,3,3,3,2,1,2,1,4,2,5,3,2,1,3,4,2,1,1,2,1,2,3,1,3,4,5,2,2,3,3,1,3,1,1,1,4,3,3,2,2,2,3,3,2,4,5,3,1,2,5,2,1,1,1,1,4.0,4,4,4,3.0,5,3,5,5.0,4,5,5.0,2,2,3.0,4.0,4.0,3.0,3.0,1,1,1,4.0,3,2.0,5,1.0,1.0,3.0,2.0,3,5,3,2,2,3,5,3,1,1.0,3,1,3,3,1,1,4,3,5,1,16,468,24,0,0,38,31,0,193,0,3,13,0,2,0,0,2671,0,260,0,96,775,0,32,13,0
79,3,3,3,3,4,4,3,3,4,4,3,4,3,4,3,4,3,3,3,2,4,3,3,3.0,3,2,4,3,4,3,4,3,4,4,3,2,3,3,3,3,2,2,2,2,2,2,2,3,2,3,2,2,2,3,2,2,2,2,2,3,2,3,3,2,2,2,3,2,3,3,4,1,3,4,3,1,3,1,1,4.0,3,4,3,3.0,3,3,3,3.0,3,4,4.0,2,4,2.0,3.0,2.0,3.0,3.0,2,1,3,3.0,2,3.0,2,2.0,2.0,3.0,2.0,2,3,2,3,3,3,3,2,2,2.0,3,2,3,2,3,2,3,2,3,3,0,278,26,0,0,0,67,0,403,0,0,42,0,0,0,0,5185,0,493,0,35,1830,0,0,0,0
82,2,2,3,1,3,3,4,2,4,3,3,3,3,3,3,3,4,4,3,1,1,1,1,3.0,1,1,2,4,4,4,4,2,2,2,2,4,2,1,1,1,1,1,3,2,1,4,2,3,2,4,1,2,4,2,1,1,4,1,1,4,1,3,3,2,3,2,1,1,4,4,5,1,2,4,1,1,1,1,1,4.0,3,4,4,4.0,4,4,2,3.0,4,3,4.0,2,3,3.0,4.0,2.0,2.0,2.0,5,2,4,4.0,1,4.0,5,3.0,3.0,4.0,1.0,3,2,2,3,4,5,5,5,3,3.0,1,3,3,2,2,2,3,4,2,2,1,249,25,0,0,0,28,0,202,0,1,11,0,1,0,2,4020,0,274,0,22,1725,0,0,0,0
86,3,3,3,3,2,2,2,2,4,3,3,4,3,3,3,2,3,2,3,3,4,3,3,3.0,3,3,2,2,2,2,2,4,3,2,3,3,2,3,2,4,2,2,3,3,3,2,3,3,3,3,3,3,3,3,2,2,2,3,2,3,2,3,3,2,3,3,3,3,3,3,3,1,1,3,3,2,4,1,1,3.0,4,4,4,3.0,4,3,4,3.0,4,4,4.0,2,4,3.0,3.0,3.0,3.0,3.0,3,3,3,4.0,4,3.0,3,2.0,3.0,3.0,3.0,3,4,4,2,4,3,3,2,2,2.0,3,2,3,2,2,2,3,3,4,4,3,470,44,0,0,1,19,0,204,0,2,42,0,2,0,0,3180,3,309,0,1,1211,0,0,0,0
85,5,5,5,3,5,4,5,5,5,5,5,5,5,5,5,5,5,5,5,5,5,5,5,5.0,5,5,2,2,2,2,2,4,4,3,5,3,3,4,4,4,2,2,3,3,4,2,4,4,4,4,3,3,4,4,4,3,4,3,4,4,4,4,4,4,4,4,4,4,4,5,4,3,3,4,4,1,2,2,3,5.0,5,5,5,5.0,5,5,5,5.0,5,5,5.0,5,5,5.0,5.0,5.0,5.0,5.0,2,3,5,5.0,5,5.0,4,1.0,5.0,5.0,5.0,5,5,5,1,4,5,5,1,2,1.0,5,1,5,5,5,4,5,5,5,5,0,336,46,1,0,0,49,0,202,0,0,36,2,0,0,40,2974,0,243,0,6,1131,0,1,0,0
84,5,5,5,4,4,4,5,5,5,5,5,5,5,5,5,5,5,5,4,4,5,4,4,4.0,4,5,2,1,2,1,4,5,5,4,5,2,5,3,5,4,3,5,4,5,4,2,5,5,5,5,2,4,3,5,3,4,5,4,5,5,5,5,5,5,4,4,5,5,5,5,5,4,3,5,5,2,4,2,5,5.0,5,5,5,5.0,5,5,5,5.0,5,5,5.0,5,5,4.0,5.0,5.0,4.0,5.0,2,4,5,4.0,4,3.0,4,1.0,5.0,5.0,5.0,5,5,5,3,4,4,5,1,1,1.0,5,1,5,4,5,5,5,3,5,5,0,849,66,14,0,0,102,1,132,1,0,84,5,6,0,12,4213,1,334,0,108,1361,0,1,0,11
87,4,4,5,2,5,5,5,4,5,5,5,5,4,5,3,2,3,2,2,2,3,2,2,2.0,2,2,2,5,5,3,5,4,5,2,2,4,2,3,3,4,1,1,2,1,3,1,1,3,4,3,3,4,1,2,2,1,1,1,1,2,1,3,3,1,1,1,3,2,3,3,3,1,1,4,2,1,1,1,1,4.0,4,3,3,2.0,4,4,5,4.0,4,3,5.0,3,3,2.0,3.0,4.0,4.0,2.0,5,2,4,4.0,4,2.0,3,3.0,4.0,5.0,5.0,2,2,3,3,1,4,2,2,2,3.0,4,2,2,3,5,3,5,2,5,5,0,46,4,1,0,0,6,0,148,0,0,11,0,0,0,0,2120,0,181,0,11,614,0,0,0,0
86,5,5,5,5,5,4,5,4,4,5,4,5,5,5,5,4,5,4,5,5,4,4,5,5.0,4,5,5,4,4,3,3,5,5,4,5,4,4,5,4,5,4,4,4,4,4,5,4,5,4,5,5,4,4,5,4,3,4,4,5,5,4,5,5,4,5,4,5,4,5,4,4,4,4,4,4,4,4,4,4,5.0,5,5,4,4.0,5,4,5,5.0,5,5,4.0,5,4,5.0,5.0,4.0,5.0,4.0,5,5,4,4.0,5,4.0,5,4.0,5.0,4.0,5.0,4,5,4,5,4,5,5,4,5,2.0,5,2,5,5,5,5,5,3,4,4,1,21,3,0,0,0,1,0,132,0,1,0,1,1,0,0,1959,0,180,0,61,682,0,0,0,0
69,4,4,4,4,3,5,4,4,5,4,4,4,4,5,5,4,5,4,4,4,5,3,3,4.0,4,4,3,4,3,3,3,4,3,2,2,4,2,3,3,3,3,3,4,3,3,2,4,3,4,3,3,2,3,4,3,3,2,3,3,4,3,4,3,4,3,3,3,3,3,4,3,3,4,4,4,3,2,2,2,4.0,4,4,4,5.0,4,5,5,4.0,5,3,4.0,5,4,4.0,5.0,4.0,4.0,5.0,3,3,4,4.0,3,4.0,4,2.0,4.0,4.0,3.0,3,4,3,3,4,4,4,4,3,2.0,4,2,4,3,5,3,4,3,5,5,0,166,29,0,0,0,13,0,318,0,0,15,1,0,0,0,3938,0,356,0,41,1548,0,0,0,0
72,5,5,5,5,2,2,4,2,3,4,4,4,3,5,5,3,3,3,3,5,5,5,3,4.0,5,4,1,3,1,1,1,4,4,2,2,3,2,2,2,3,2,3,3,4,3,3,5,4,4,3,3,2,4,4,3,3,2,3,3,3,3,4,3,3,2,3,4,4,4,3,2,1,1,4,4,4,3,1,4,4.0,4,4,4,4.0,4,4,4,4.0,4,4,4.0,4,4,4.0,4.0,4.0,4.0,4.0,2,4,4,4.0,4,4.0,4,4.0,4.0,4.0,4.0,4,4,4,2,4,4,4,2,2,2.0,4,2,4,4,4,4,4,2,4,4,1,543,33,2,0,0,21,0,237,0,1,91,6,1,0,0,3687,0,304,0,22,1541,0,0,0,0
90,3,3,3,3,3,3,3,3,3,3,3,3,3,3,3,3,3,3,3,3,3,3,3,3.0,3,3,3,3,3,3,3,3,3,3,3,3,3,3,3,3,3,3,3,3,3,3,3,3,3,3,3,3,3,3,3,3,3,3,3,3,3,3,3,3,3,3,3,3,3,3,3,3,3,3,3,3,3,3,3,3.0,3,3,3,3.0,3,3,3,3.0,3,3,3.0,3,3,3.0,3.0,3.0,3.0,3.0,3,3,3,3.0,3,3.0,3,3.0,3.0,3.0,3.0,3,3,3,3,3,3,3,3,3,3.0,3,3,3,3,3,3,3,3,3,3,0,123,20,0,0,0,19,0,164,0,0,0,1,0,0,0,2186,0,217,0,2,724,0,0,0,0
71,3,3,4,4,5,5,4,2,3,5,3,4,3,4,4,3,4,4,3,4,4,4,3,3.0,3,3,4,3,5,4,3,3,3,2,4,5,2,3,3,3,4,4,5,5,3,4,4,2,2,5,3,1,5,5,4,2,4,4,3,4,3,5,4,4,3,3,5,1,4,5,5,1,4,5,5,1,5,1,1,3.0,3,4,4,4.0,4,4,4,3.0,4,4,3.0,4,3,5.0,4.0,4.0,4.0,4.0,4,3,3,5.0,3,5.0,3,3.0,4.0,5.0,4.0,3,3,4,3,4,3,4,4,3,3.0,3,3,3,3,3,3,3,3,3,3,3,201,17,0,0,0,11,0,192,0,3,17,1,1,0,0,3935,3,339,0,34,1394,0,0,0,0
73,2,2,4,4,4,2,4,3,3,5,3,3,3,5,3,4,3,3,2,2,3,2,2,2.0,1,2,5,5,5,5,5,2,3,1,1,4,2,3,2,3,1,1,1,5,1,1,2,3,2,4,1,4,4,4,4,1,4,3,4,3,1,4,3,5,1,3,4,1,4,2,5,1,4,4,4,1,5,5,1,5.0,5,4,3,5.0,3,5,3,3.0,1,3,3.0,3,3,1.0,4.0,5.0,3.0,4.0,1,1,4,4.0,2,4.0,1,5.0,5.0,5.0,4.0,3,4,3,5,2,4,4,2,2,4.0,5,4,5,1,1,4,4,1,4,5,9,309,19,0,0,4,26,0,184,0,8,33,0,5,0,6,3273,3,247,0,9,1264,0,0,0,0
56,3,3,3,3,3,3,3,3,3,3,3,3,3,3,3,3,3,3,3,3,3,3,3,3.0,3,3,3,3,3,3,3,4,2,2,2,2,2,2,3,1,1,1,1,1,1,1,1,3,3,3,2,2,1,3,2,1,2,1,3,3,1,3,2,3,2,2,2,4,3,4,4,2,3,5,5,1,5,5,2,3.0,3,4,3,3.0,3,3,3,3.0,3,3,3.0,3,3,3.0,3.0,3.0,3.0,3.0,3,3,3,3.0,3,3.0,3,3.0,3.0,3.0,3.0,3,3,3,3,3,3,3,3,3,3.0,3,3,3,3,3,3,3,3,3,3,4,188,28,8,0,4,25,0,38,0,2,50,6,0,0,15,1413,0,138,0,40,788,0,0,0,0
77,4,4,4,4,4,4,4,4,4,5,5,5,5,5,4,3,4,4,3,3,4,3,4,4.0,4,4,2,4,2,4,2,4,4,4,4,4,4,4,4,4,4,4,4,4,4,4,4,4,4,4,4,4,4,2,4,4,4,4,4,4,4,4,4,4,4,4,4,4,1,4,1,4,4,4,2,4,4,4,4,4.0,4,4,4,4.0,3,3,4,4.0,4,4,4.0,4,4,3.0,4.0,4.0,3.0,2.0,4,4,4,4.0,4,4.0,4,4.0,4.0,4.0,3.0,4,4,4,4,4,4,5,4,4,4.0,4,4,4,2,4,4,4,4,3,4,1,92,10,0,0,0,7,0,97,0,1,9,0,0,0,0,3596,0,140,0,6,1235,0,0,0,0
92,3,3,5,2,5,5,5,4,4,4,4,4,4,4,5,4,5,3,4,4,4,3,4,4.0,4,4,2,3,2,2,2,4,3,3,4,2,2,3,3,4,4,4,3,4,3,3,2,3,3,3,4,2,4,4,3,4,2,2,3,3,3,4,4,2,3,2,4,3,3,2,3,1,1,4,2,3,2,3,4,5.0,5,5,5,4.0,4,4,4,5.0,5,4,4.0,3,5,3.0,4.0,3.0,3.0,4.0,4,4,4,4.0,5,4.0,5,4.0,4.0,5.0,4.0,4,5,4,3,3,4,5,5,5,5.0,5,4,5,3,5,5,4,2,3,4,2,653,32,0,0,0,53,0,67,0,2,54,1,0,0,10,2457,0,100,0,209,678,0,0,0,0
89,3,3,4,3,4,3,3,3,4,4,4,4,4,4,4,3,4,4,4,3,4,3,4,4.0,3,4,2,2,2,1,2,3,2,2,2,2,3,3,2,2,3,3,3,3,2,3,3,3,2,3,3,2,3,2,3,4,4,4,3,3,3,3,2,2,2,2,2,3,4,2,2,1,1,3,2,2,2,4,3,4.0,4,4,4,4.0,3,3,4,4.0,4,3,4.0,4,4,3.0,3.0,4.0,4.0,3.0,4,3,4,5.0,5,2.0,3,4.0,3.0,4.0,3.0,3,5,4,4,2,4,5,4,4,4.0,4,4,4,5,4,5,4,3,5,4,20,192,21,8,0,12,86,0,102,0,1,49,0,2,0,91,4659,0,166,0,127,1857,0,2,0,9
83,3,3,4,4,2,3,3,3,4,4,4,4,4,4,4,4,4,4,3,2,3,2,3,2.0,1,2,4,4,4,4,4,3,2,1,2,3,3,2,1,3,3,2,1,4,4,1,2,3,2,3,4,2,3,2,3,4,3,3,3,3,3,4,3,3,3,2,2,3,4,3,2,1,1,3,1,1,1,2,3,3.0,3,4,3,3.0,4,4,4,4.0,4,4,4.0,4,4,3.0,4.0,4.0,4.0,3.0,4,3,3,3.0,4,3.0,4,3.0,3.0,4.0,3.0,4,5,4,3,2,3,4,3,3,3.0,4,3,3,2,4,4,4,3,3,3,1,197,35,0,0,0,41,0,56,0,1,0,1,1,0,0,2313,1,112,0,148,772,0,0,0,0
94,3,4,4,4,4,4,4,4,4,4,4,4,4,4,4,4,4,4,4,4,4,4,4,4.0,4,4,3,3,3,4,4,4,4,4,4,4,4,4,4,4,4,4,4,4,4,4,2,4,4,4,4,4,4,4,4,4,4,4,4,4,4,4,4,4,4,4,4,3,4,4,4,4,4,4,4,4,4,4,3,4.0,4,4,3,4.0,4,4,4,4.0,4,4,4.0,3,4,3.0,4.0,4.0,4.0,4.0,2,4,4,4.0,4,4.0,4,2.0,4.0,4.0,4.0,4,4,4,4,3,4,4,3,3,3.0,4,3,4,2,4,4,4,3,4,4,4,91,17,0,0,3,21,0,47,0,0,3,0,3,0,0,2908,0,87,0,43,1485,0,0,0,0
95,4,4,4,4,4,4,4,4,4,4,4,4,4,4,4,4,4,4,4,4,4,4,4,4.0,0,4,3,3,3,3,3,4,4,4,4,4,4,4,4,3,3,4,3,3,4,3,3,4,3,4,3,3,3,4,3,3,3,3,3,4,4,4,3,3,3,3,3,3,4,3,3,2,3,3,3,2,3,3,3,4.0,4,4,4,4.0,4,4,4,4.0,4,4,4.0,4,4,4.0,4.0,4.0,4.0,4.0,3,4,4,4.0,4,4.0,4,3.0,3.0,4.0,4.0,3,4,4,3,4,4,4,3,3,4.0,4,3,4,2,4,4,4,4,4,4,0,137,23,0,0,0,15,0,36,0,0,9,0,0,0,0,2184,0,74,0,1,959,0,0,0,0
90,0,4,4,4,3,3,3,3,4,4,3,4,3,4,4,4,4,4,3,3,4,3,3,3.0,3,3,3,3,3,2,3,3,3,3,3,3,3,3,3,3,3,3,3,3,3,3,3,3,3,3,3,3,3,3,3,3,3,3,3,3,3,3,3,3,3,3,3,3,4,3,3,3,3,3,3,3,3,3,3,4.0,4,4,4,4.0,3,4,3,4.0,4,3,4.0,4,4,4.0,4.0,4.0,4.0,4.0,3,4,3,4.0,4,4.0,4,3.0,4.0,4.0,3.0,3,4,4,3,4,4,5,3,3,4.0,4,4,4,2,4,4,4,3,3,4,0,139,10,0,0,0,7,0,64,0,0,0,0,0,0,0,3552,0,103,0,365,1114,0,0,0,0
99,5,5,5,5,5,4,4,4,5,5,5,5,4,5,4,4,3,3,4,3,3,4,4,4.0,3,4,2,5,3,2,4,3,3,2,3,2,3,3,3,3,3,3,2,3,2,3,3,3,3,3,2,2,3,3,3,3,2,3,3,3,3,3,3,2,2,3,3,3,4,3,3,1,3,3,3,3,2,2,3,4.0,4,3,4,5.0,4,4,4,4.0,4,2,4.0,4,3,3.0,3.0,3.0,4.0,3.0,3,4,4,4.0,3,4.0,4,3.0,4.0,4.0,3.0,3,4,4,2,4,4,4,2,3,3.0,3,3,4,2,2,4,4,5,5,4,0,298,22,4,0,0,105,0,167,0,0,21,5,0,0,10,3896,0,211,0,195,1655,0,0,0,0
77,3,3,3,3,3,3,3,4,3,4,3,4,3,4,4,4,4,4,2,3,4,4,3,3.0,3,4,3,3,3,4,4,4,4,4,4,4,2,3,3,4,4,4,2,4,4,2,4,4,4,4,4,4,2,2,2,1,3,2,2,2,2,4,3,3,4,1,3,1,2,3,2,2,2,4,4,2,1,1,4,3.0,3,4,4,4.0,4,4,4,4.0,4,3,4.0,4,4,3.0,3.0,3.0,4.0,4.0,2,3,4,3.0,3,4.0,4,2.0,3.0,4.0,2.0,3,3,4,1,4,5,5,2,3,2.0,4,2,4,3,3,5,5,5,5,5,2,6,17,0,0,0,4,0,49,0,2,3,2,1,0,0,2688,0,74,0,7,1613,0,6,3,0
83,5,4,3,5,3,2,4,2,4,3,3,4,4,4,2,4,4,3,5,5,5,4,5,5.0,5,4,1,5,1,1,4,2,2,3,1,3,1,2,3,3,3,2,2,3,2,2,3,2,2,2,1,2,3,3,3,3,3,3,2,2,4,3,2,1,2,1,1,2,1,2,2,1,1,3,2,1,2,1,1,3.0,3,3,3,4.0,3,4,3,3.0,4,3,4.0,3,3,3.0,3.0,4.0,4.0,4.0,3,3,4,3.0,2,2.0,3,3.0,1.0,4.0,3.0,4,3,3,3,5,4,5,4,2,4.0,4,4,4,2,3,4,2,2,1,1,3,89,17,0,0,0,28,0,91,1,3,15,1,1,0,0,4284,1,113,0,48,2485,0,2,0,0
68,4,3,4,3,4,3,3,3,5,5,4,5,4,4,4,4,4,4,4,4,4,4,4,0.0,4,4,3,4,4,3,3,4,3,4,4,4,4,4,4,4,4,4,3,4,3,4,4,4,4,4,3,3,4,4,4,4,4,4,3,4,4,4,4,4,3,4,4,3,4,3,4,3,3,4,4,4,4,4,3,4.0,4,4,4,4.0,4,4,4,4.0,4,4,4.0,4,4,4.0,4.0,4.0,4.0,4.0,3,4,4,4.0,4,4.0,4,3.0,4.0,4.0,4.0,4,4,4,3,4,3,4,3,4,4.0,3,4,3,3,4,4,4,3,4,4,0,0,6,0,0,0,10,0,77,9,0,0,0,1,0,0,2648,0,116,0,169,1433,0,0,0,0
81,4,3,3,3,3,3,4,2,4,4,4,4,4,4,4,2,3,2,3,3,4,4,3,4.0,3,3,3,4,3,3,3,3,3,4,3,1,4,3,1,3,3,3,2,4,2,4,3,2,2,3,3,3,3,3,4,4,2,3,3,3,4,3,2,2,2,3,2,3,4,2,1,1,1,3,2,1,2,3,4,4.0,4,4,4,5.0,4,4,3,3.0,4,3,3.0,2,4,3.0,4.0,4.0,4.0,4.0,3,3,3,4.0,3,3.0,3,3.0,4.0,4.0,3.0,4,3,3,3,3,3,3,3,3,4.0,3,4,3,2,4,4,4,3,3,3,3,0,8,0,0,0,4,0,35,0,3,0,0,0,0,0,1836,0,61,0,7,935,0,0,0,0
97,3,3,3,3,4,5,5,3,4,4,4,4,4,5,4,4,4,4,4,3,5,4,3,5.0,4,5,2,4,4,4,4,3,3,3,3,1,3,2,3,2,2,2,2,2,1,1,3,3,3,3,3,3,3,3,3,2,3,3,3,3,2,3,3,3,3,3,3,2,4,3,3,1,3,3,3,3,3,2,3,3.0,4,4,3,5.0,3,4,4,4.0,4,4,4.0,3,4,4.0,4.0,4.0,4.0,4.0,3,3,4,4.0,3,3.0,4,3.0,4.0,4.0,3.0,4,3,4,2,3,4,5,4,3,4.0,4,3,4,2,4,5,5,5,5,4,2,156,23,0,0,0,77,0,57,1,2,27,1,1,0,2,2022,0,108,0,764,1255,0,0,0,0
93,3,3,3,3,5,5,5,4,3,3,3,3,3,3,3,3,3,2,4,3,5,3,4,4.0,3,3,3,4,5,4,5,3,3,3,3,2,3,3,3,3,3,3,3,3,3,3,3,3,3,3,3,3,3,2,3,3,3,3,3,3,3,4,4,4,4,4,4,2,2,3,4,4,4,3,3,3,3,3,3,4.0,4,4,4,5.0,3,4,4,3.0,4,4,4.0,4,4,5.0,4.0,5.0,5.0,4.0,3,4,5,4.0,3,4.0,4,2.0,3.0,4.0,4.0,3,5,3,2,2,4,5,3,3,4.0,4,4,4,1,5,5,5,3,3,3,1,94,13,0,0,0,5,0,40,2,1,4,1,0,0,0,2565,0,69,0,28,1341,0,0,0,0
95,4,4,5,4,3,3,4,3,5,4,4,4,3,4,4,3,4,5,3,3,4,4,3,4.0,4,4,2,4,2,4,5,2,1,1,1,2,1,1,2,2,2,3,1,4,3,2,3,3,2,3,3,2,3,3,2,1,1,3,2,3,3,3,3,1,2,1,3,3,4,3,2,1,1,2,1,1,1,1,3,4.0,4,4,4,4.0,2,4,3,4.0,5,4,4.0,2,4,2.0,4.0,3.0,2.0,2.0,2,4,4,4.0,4,4.0,2,2.0,2.0,4.0,4.0,3,4,4,1,2,4,5,4,2,1.0,4,4,4,1,4,4,4,3,2,2,2,91,17,2,0,0,9,0,71,0,2,51,0,0,0,3,2957,0,100,0,110,1523,0,0,0,0
97,5,5,5,5,5,5,5,5,5,5,4,5,5,5,5,5,5,5,5,5,5,5,5,5.0,5,5,1,2,1,2,3,3,3,4,2,3,3,1,2,3,3,4,2,4,3,4,3,3,3,3,3,3,3,3,3,3,3,3,3,3,3,2,3,2,3,2,3,3,4,3,3,2,3,3,2,3,3,4,3,5.0,5,5,5,5.0,3,5,5,4.0,3,5,5.0,3,5,5.0,5.0,5.0,5.0,4.0,3,4,5,3.0,5,5.0,5,1.0,5.0,5.0,,5,5,5,5,5,5,5,5,4,4.0,4,1,5,1,5,5,5,4,4,4,3,64,21,4,0,0,16,0,71,0,2,17,3,3,0,0,2434,11,99,0,62,996,0,1,0,0
88,3,3,4,3,4,3,4,4,3,3,3,3,3,3,4,3,4,3,3,3,3,3,3,3.0,3,3,3,3,3,3,3,3,3,3,3,3,2,2,3,2,2,2,3,3,2,2,3,2,2,2,3,2,3,3,3,2,3,3,3,3,2,3,3,2,2,3,3,3,3,3,3,3,3,3,2,2,2,2,2,4.0,4,4,4,4.0,4,4,4,4.0,4,4,4.0,4,4,3.0,3.0,3.0,3.0,4.0,4,4,4,4.0,4,4.0,4,3.0,3.0,4.0,4.0,4,4,4,3,4,3,5,4,4,3.0,5,3,4,2,4,5,4,3,3,3,0,168,22,0,0,0,42,0,123,0,0,6,1,0,0,0,4459,0,174,0,164,1713,0,0,0,0
89,3,3,3,3,3,3,3,3,3,3,3,3,3,3,4,4,0,4,3,3,4,4,3,3.0,4,4,4,4,4,4,4,3,3,3,3,3,3,2,2,2,3,3,1,2,2,2,2,3,3,2,3,3,4,4,4,4,3,4,3,3,4,3,4,3,3,2,3,3,5,3,3,1,2,3,2,3,3,2,3,4.0,3,4,4,3.0,3,4,4,4.0,4,4,3.0,2,4,3.0,4.0,3.0,4.0,3.0,2,4,3,3.0,3,2.0,2,2.0,3.0,3.0,3.0,3,3,3,3,4,3,4,3,2,2.0,3,2,3,3,4,4,4,3,4,3,1,119,13,0,0,0,21,0,78,0,0,16,0,0,0,0,3167,1,107,0,108,1432,0,0,0,0
90,3,4,4,3,4,4,4,4,4,4,4,4,4,4,3,3,3,3,4,3,3,4,3,4.0,3,3,3,3,2,3,4,4,3,3,3,3,3,2,3,4,4,3,3,3,4,3,4,4,4,3,3,3,3,4,3,4,3,3,4,3,3,3,4,3,3,3,4,4,3,3,3,4,3,3,2,3,3,4,4,4.0,3,4,4,4.0,4,4,4,4.0,4,4,4.0,4,4,4.0,4.0,4.0,4.0,4.0,2,5,5,4.0,5,5.0,5,4.0,4.0,4.0,4.0,4,3,4,4,4,4,5,4,5,5.0,4,4,5,2,4,4,5,4,4,4,2,117,18,0,0,0,12,0,57,0,2,5,1,0,0,0,3099,0,108,0,69,1103,0,0,0,0
69,3,2,4,2,5,4,5,5,4,5,3,5,3,5,3,2,2,1,3,2,3,1,1,3.0,2,3,5,5,5,5,4,2,3,3,2,2,2,3,3,3,3,2,3,3,2,3,2,2,3,3,2,3,2,3,3,3,2,2,3,3,3,3,3,2,3,2,3,3,3,3,3,3,2,2,3,2,3,2,3,3.0,4,4,4,4.0,4,4,4,,4,4,4.0,4,4,3.0,4.0,5.0,3.0,4.0,3,4,4,4.0,4,3.0,4,3.0,4.0,4.0,3.0,4,5,4,2,5,2,3,2,2,3.0,4,3,3,3,4,4,5,1,2,1,1,208,19,0,0,0,35,0,98,0,0,5,5,1,0,29,2831,0,142,0,124,1239,0,29,20,0
77,4,4,4,4,4,4,4,4,4,4,4,4,4,4,4,3,3,4,3,3,4,4,3,3.0,3,3,4,4,3,3,4,3,3,3,2,2,3,3,2,4,3,3,4,3,2,2,2,4,4,3,3,3,4,4,3,2,2,4,4,4,4,4,3,4,3,3,3,3,4,3,3,2,2,4,4,3,3,3,4,4.0,4,4,4,4.0,4,4,4,4.0,4,4,4.0,4,4,4.0,4.0,3.0,4.0,4.0,2,4,4,4.0,4,4.0,4,3.0,3.0,,4.0,4,3,4,3,3,3,4,4,4,4.0,4,3,4,3,4,4,4,2,3,3,0,341,16,0,0,0,16,0,48,0,0,34,2,0,0,3,2654,0,129,0,643,1161,0,0,0,0
66,3,4,4,4,4,3,2,3,3,4,4,4,4,4,3,3,3,3,3,2,3,3,3,3.0,3,3,4,4,4,4,4,3,3,3,3,3,3,2,3,2,2,2,2,2,2,2,2,2,2,2,2,2,3,3,3,3,3,3,3,3,3,3,3,3,3,3,3,2,4,3,3,1,3,4,4,3,4,3,3,3.0,3,4,4,3.0,4,4,4,4.0,4,4,3.0,3,4,4.0,4.0,4.0,4.0,4.0,3,4,3,4.0,4,4.0,4,2.0,4.0,4.0,4.0,4,4,3,2,4,3,5,3,3,3.0,4,3,4,2,4,4,4,3,3,3,2,127,13,0,0,0,11,0,34,0,2,5,0,0,0,0,1881,0,75,0,92,783,0,0,0,0
86,4,4,4,2,4,4,4,3,4,4,4,5,4,5,4,3,4,3,3,4,4,3,3,3.0,4,4,3,4,4,3,3,3,2,3,3,4,4,3,3,2,3,3,1,2,2,2,3,3,2,2,2,1,3,4,3,1,2,2,3,3,3,4,3,3,2,3,3,2,3,2,2,2,1,3,3,2,2,2,2,,4,4,4,3.0,4,4,4,4.0,3,4,3.0,3,4,4.0,3.0,4.0,3.0,3.0,3,3,4,4.0,2,3.0,3,2.0,3.0,4.0,,2,4,4,3,4,4,4,2,3,3.0,4,3,3,2,3,4,4,3,4,4,2,315,23,1,0,0,24,0,140,0,1,36,0,1,0,0,3838,1,187,0,208,1268,0,0,0,0
76,4,4,0,4,4,4,4,4,4,4,4,4,4,4,4,4,4,4,4,4,4,4,4,4.0,4,4,4,4,4,4,4,3,3,3,3,2,3,3,3,3,3,3,3,3,3,3,3,3,3,3,3,3,3,3,3,3,3,3,3,3,3,3,3,3,3,3,3,3,4,3,3,3,3,2,3,3,3,3,3,3.0,3,4,4,4.0,4,4,4,4.0,4,4,4.0,4,4,4.0,4.0,4.0,4.0,4.0,3,3,3,4.0,4,4.0,4,3.0,4.0,4.0,4.0,4,4,4,3,3,3,4,2,3,2.0,3,2,3,2,4,4,4,3,3,3,3,14,11,2,0,0,6,0,61,0,3,0,1,1,0,0,2257,0,99,0,125,863,0,0,0,1
87,4,4,3,3,4,4,4,4,4,4,3,4,3,4,4,4,4,4,4,3,5,2,4,4.0,3,0,4,4,4,4,4,2,3,2,2,2,2,2,3,3,2,3,2,4,4,2,4,2,2,2,3,2,3,3,2,3,2,3,2,3,3,3,2,2,2,2,2,2,3,2,2,1,1,3,2,2,2,2,2,4.0,3,4,4,4.0,3,4,3,3.0,4,3,3.0,3,4,3.0,3.0,4.0,4.0,3.0,3,3,4,3.0,3,3.0,4,3.0,3.0,3.0,2.0,3,4,3,3,4,4,4,3,3,3.0,4,3,4,4,4,4,4,4,4,3,2,5,9,0,0,3,17,0,26,0,1,0,0,0,0,7,1741,0,46,0,43,914,0,0,0,0
90,4,4,5,4,5,3,5,3,5,5,5,5,5,5,5,5,4,5,5,5,5,5,5,5.0,5,5,1,3,2,1,1,4,4,4,3,3,4,4,1,3,4,4,4,4,4,4,3,3,3,3,4,3,3,2,3,4,4,4,4,4,4,4,2,4,3,3,4,2,3,3,2,1,3,2,4,4,4,4,2,4.0,5,5,5,5.0,5,5,5,5.0,5,5,5.0,3,5,3.0,4.0,4.0,5.0,4.0,3,4,5,5.0,5,5.0,3,4.0,4.0,5.0,4.0,5,4,3,2,4,4,5,3,4,5.0,3,4,4,2,5,5,5,5,5,4,0,0,24,0,0,0,2,0,31,0,0,0,0,0,0,0,1391,0,55,0,18,514,0,0,0,0
88,4,5,4,3,4,3,5,2,4,5,4,5,4,5,3,3,3,4,4,3,5,4,4,4.0,4,4,3,4,3,2,4,4,3,3,3,3,3,2,2,3,3,3,2,4,2,1,2,4,3,3,4,1,4,4,4,3,2,3,3,3,3,3,3,2,1,2,2,3,4,4,3,1,3,3,3,2,3,3,3,4.0,3,4,3,4.0,5,4,3,4.0,4,3,2.0,2,3,4.0,4.0,4.0,4.0,3.0,3,3,3,4.0,3,3.0,4,3.0,3.0,5.0,4.0,3,4,4,2,3,3,4,3,3,3.0,4,4,4,4,3,4,4,3,5,4,0,10,15,6,0,0,23,0,73,0,0,3,2,1,0,27,1842,0,87,0,224,681,0,0,0,0
85,4,4,3,4,3,2,3,2,4,3,4,5,3,4,3,4,3,5,4,4,4,4,4,4.0,4,4,3,4,2,3,3,3,3,2,2,1,2,1,3,2,3,3,1,1,1,1,3,3,2,2,2,3,3,3,3,2,2,3,2,2,4,3,2,2,2,2,3,2,3,3,2,1,1,2,2,2,2,2,2,3.0,3,3,3,5.0,4,5,2,4.0,4,3,3.0,2,3,4.0,4.0,3.0,3.0,4.0,3,4,4,3.0,4,3.0,3,3.0,4.0,4.0,4.0,3,4,3,2,2,4,4,3,3,3.0,3,3,2,2,3,4,4,3,4,2,1,0,11,0,0,0,0,0,53,0,1,0,0,0,0,5,1762,0,67,0,3,737,0,0,0,0
81,4,4,4,4,4,3,4,4,4,4,4,4,4,4,4,3,4,3,3,3,4,3,3,3.0,3,3,2,3,1,1,1,4,4,4,3,2,4,3,2,3,3,3,3,2,3,4,3,4,4,4,2,2,4,4,4,2,2,3,4,4,4,4,4,3,4,3,3,3,4,3,3,1,2,3,2,2,2,3,3,4.0,4,4,4,5.0,3,4,4,5.0,4,4,5.0,4,5,4.0,5.0,4.0,4.0,3.0,4,3,4,4.0,4,4.0,3,5.0,4.0,4.0,4.0,3,5,5,4,3,4,5,4,5,5.0,4,4,4,1,4,4,4,2,3,3,6,133,25,0,0,10,64,0,101,0,3,27,1,2,0,0,2324,0,132,0,284,872,0,70,43,0
94,4,4,4,4,4,3,3,4,4,4,4,4,4,4,4,3,4,4,4,3,4,4,4,3.0,3,3,2,2,2,2,3,3,3,3,3,3,3,3,3,3,3,3,3,3,2,3,3,3,3,3,3,3,3,3,3,3,2,3,3,3,3,3,3,3,3,3,3,3,4,2,3,2,2,3,2,3,2,3,3,5.0,5,4,4,4.0,4,4,4,4.0,4,5,4.0,2,5,3.0,4.0,4.0,4.0,3.0,4,3,4,4.0,3,3.0,4,3.0,3.0,4.0,3.0,4,5,5,4,5,3,5,4,5,4.0,4,4,4,2,4,5,5,2,4,4,0,439,23,2,0,0,132,0,179,0,0,45,5,2,0,0,5401,1,201,0,458,2268,0,0,0,2
90,4,4,5,4,4,3,4,3,3,4,4,4,4,4,4,3,4,4,3,3,4,3,4,4.0,3,4,3,4,4,3,4,3,3,3,3,2,3,4,3,4,4,3,4,4,3,4,3,4,4,2,4,3,4,4,4,4,3,4,4,4,4,4,4,4,4,3,3,3,5,3,2,3,4,4,4,4,4,3,4,4.0,4,4,4,4.0,3,3,4,4.0,3,3,4.0,3,4,3.0,3.0,3.0,3.0,3.0,4,3,4,4.0,3,3.0,3,3.0,4.0,4.0,4.0,4,5,4,3,4,3,4,4,5,4.0,4,4,5,2,4,5,4,4,4,4,12,356,25,86,0,13,48,0,109,0,3,37,0,3,0,0,3795,2,193,0,230,1258,0,0,0,1
90,4,4,4,2,5,4,5,5,4,4,4,4,4,4,3,3,3,2,3,4,4,3,4,4.0,4,4,3,4,4,4,4,4,3,4,4,1,3,4,4,4,4,4,4,4,4,3,3,4,4,4,3,3,3,4,4,3,4,4,3,3,4,4,4,4,4,4,3,4,4,4,4,1,3,3,3,4,4,4,4,4.0,5,5,5,4.0,3,4,5,5.0,3,5,5.0,5,5,3.0,3.0,4.0,4.0,3.0,5,5,5,4.0,5,5.0,4,4.0,4.0,5.0,4.0,5,4,4,5,4,5,5,5,5,5.0,4,4,4,2,5,5,5,4,3,4,2,242,35,13,0,0,80,0,116,1,0,39,0,3,0,56,4275,6,162,0,283,1719,0,0,0,1
92,4,4,4,4,4,3,4,3,4,4,4,4,4,4,4,4,4,4,4,4,4,4,4,4.0,4,4,1,4,3,2,3,4,4,4,4,3,3,3,3,3,3,3,3,2,2,3,2,3,3,3,2,2,4,3,3,3,3,3,3,3,3,3,3,4,3,3,3,3,4,3,3,2,3,3,2,3,2,3,3,4.0,4,4,4,4.0,5,5,4,5.0,5,4,4.0,4,4,3.0,4.0,5.0,4.0,3.0,4,3,4,4.0,4,3.0,5,3.0,4.0,4.0,4.0,4,3,4,3,4,3,5,4,5,4.0,5,4,5,2,5,5,5,4,4,4,1,371,23,38,0,0,35,0,88,0,1,31,2,1,0,1,3214,0,137,0,154,1451,0,0,0,2
88,3,3,4,3,3,3,4,3,4,4,3,5,4,5,3,4,3,2,3,3,3,2,3,0.0,3,4,3,4,4,3,4,3,3,4,3,2,2,3,2,3,2,2,2,4,2,3,3,2,2,3,3,2,4,3,4,2,3,4,2,2,2,3,3,2,2,2,2,3,3,2,2,2,2,4,2,2,2,3,3,3.0,4,4,4,4.0,4,4,4,4.0,4,4,4.0,4,4,3.0,3.0,4.0,4.0,3.0,3,4,4,5.0,3,3.0,3,3.0,3.0,4.0,4.0,4,4,4,3,4,4,4,4,4,4.0,4,4,4,4,5,5,5,3,4,4,0,268,25,0,0,0,63,0,54,0,0,0,0,0,0,0,2982,0,135,0,147,1346,0,0,0,0
91,3,4,4,3,4,3,4,4,4,4,4,4,3,4,3,4,4,3,3,3,3,3,3,3.0,3,3,4,4,4,4,4,3,2,3,3,1,2,2,4,3,4,2,2,4,2,3,2,4,4,3,2,2,4,3,3,2,3,3,3,3,3,3,3,3,3,2,2,3,4,2,4,1,3,3,3,4,3,2,2,4.0,4,4,4,4.0,4,3,4,4.0,4,5,5.0,4,5,3.0,4.0,4.0,4.0,3.0,4,3,4,4.0,4,4.0,4,3.0,2.0,4.0,3.0,4,4,4,4,3,4,5,4,5,4.0,4,3,4,2,5,5,5,2,4,4,0,507,32,0,0,0,101,1,159,0,0,48,2,0,0,3,4558,0,214,0,415,1453,0,0,0,1
90,3,4,4,3,5,5,4,4,4,5,4,5,5,5,5,4,4,3,4,3,4,4,3,3.0,4,3,3,4,3,3,3,4,3,4,4,3,3,2,4,4,3,4,4,4,2,3,3,4,4,4,3,2,4,4,4,3,2,4,2,3,3,4,4,3,3,4,3,4,5,2,4,1,2,3,2,4,2,2,3,4.0,4,4,4,3.0,4,4,4,5.0,4,4,5.0,5,5,2.0,4.0,4.0,4.0,3.0,2,2,4,4.0,4,4.0,4,3.0,4.0,4.0,4.0,4,4,4,3,2,3,5,4,3,4.0,4,4,4,2,4,3,4,3,4,3,0,163,21,0,0,0,10,0,68,2,0,17,1,0,0,0,3213,0,95,0,31,1474,0,0,0,0
94,5,5,5,4,4,4,4,4,4,4,4,5,5,5,4,4,4,3,4,4,4,4,4,5.0,5,5,2,3,2,2,2,4,4,3,3,2,1,3,4,3,3,3,3,3,3,3,2,3,3,2,3,2,3,3,4,3,3,3,3,3,3,3,3,2,3,3,3,3,3,3,3,3,4,3,2,3,2,2,2,4.0,4,4,4,4.0,5,5,4,4.0,4,4,5.0,3,4,3.0,4.0,4.0,4.0,3.0,4,4,4,4.0,4,4.0,4,4.0,4.0,4.0,4.0,4,4,4,4,4,4,5,4,4,,4,4,4,2,4,4,4,4,4,3,1,53,13,25,0,0,18,1,65,1,1,0,1,5,0,0,3037,2,103,0,248,1303,0,0,0,2
72,4,5,4,3,5,4,5,4,4,4,4,5,4,4,5,3,5,2,5,4,5,5,5,5.0,4,5,2,4,2,1,2,4,4,4,4,3,4,4,3,4,4,4,4,4,4,4,4,4,4,4,4,4,4,2,3,4,4,3,3,3,3,4,3,4,3,4,4,3,3,4,4,3,2,4,2,4,4,4,4,4.0,4,4,4,3.0,4,4,4,4.0,4,3,4.0,3,4,3.0,3.0,4.0,4.0,4.0,4,3,4,4.0,4,4.0,4,4.0,4.0,4.0,4.0,4,4,4,4,4,4,4,4,4,4.0,4,4,4,3,5,5,5,4,4,4,1,113,13,0,0,0,7,0,65,0,1,2,1,0,0,0,2600,0,109,0,27,872,0,22,10,0
87,4,4,4,4,4,4,4,4,4,4,4,4,4,4,4,4,4,4,3,3,4,3,3,4.0,3,4,3,4,4,3,3,3,3,3,2,2,3,2,1,3,3,2,2,4,2,1,2,3,3,3,3,3,4,4,4,3,4,3,2,2,2,4,3,3,3,3,3,3,4,2,2,3,2,4,3,3,3,2,2,4.0,4,4,4,4.0,4,4,4,4.0,4,4,4.0,4,4,4.0,4.0,4.0,4.0,4.0,3,4,4,5.0,4,4.0,4,3.0,4.0,4.0,4.0,4,4,4,2,3,4,4,4,4,4.0,3,3,4,2,4,5,4,3,3,4,1,174,22,0,0,0,38,0,61,0,1,6,0,1,0,0,2535,1,127,0,299,1105,0,0,0,0
97,5,5,5,3,5,4,5,3,5,5,4,5,4,5,5,3,5,4,5,5,5,5,4,5.0,4,4,1,2,3,1,3,3,4,4,4,3,3,2,3,3,3,3,2,3,2,2,4,4,3,3,4,2,3,4,4,3,3,3,3,3,3,3,2,3,2,2,2,3,3,3,2,1,2,3,2,2,2,2,3,4.0,4,5,4,4.0,5,5,4,4.0,4,4,4.0,4,4,2.0,3.0,4.0,3.0,3.0,2,3,4,3.0,3,3.0,4,3.0,4.0,4.0,3.0,4,4,4,2,4,4,4,3,3,4.0,4,3,4,2,4,4,3,3,2,2,11,488,15,0,0,30,21,0,65,0,1,57,1,0,0,0,1877,0,91,0,54,820,0,0,0,0
85,4,4,5,4,5,3,4,3,3,4,4,5,4,4,4,3,4,3,4,3,4,3,4,4.0,4,4,2,4,3,2,3,4,4,2,3,2,3,4,1,4,4,4,3,4,4,3,3,3,3,3,4,4,3,3,3,3,4,4,3,3,4,4,3,2,4,4,3,3,5,3,2,1,2,3,3,3,2,3,3,5.0,5,5,4,4.0,4,4,5,5.0,3,5,,4,5,4.0,4.0,3.0,3.0,4.0,3,5,4,4.0,4,3.0,4,4.0,3.0,4.0,4.0,4,5,4,4,4,4,5,4,5,4.0,3,4,4,4,4,4,5,3,4,4,0,279,25,11,0,0,127,0,62,0,0,22,0,0,0,0,2835,0,114,0,326,1462,0,47,22,11
87,4,5,5,4,5,5,4,5,5,5,5,5,5,5,5,4,5,4,5,5,5,5,5,5.0,5,5,2,2,2,2,4,4,4,4,4,4,4,4,4,4,4,4,4,4,4,4,4,4,4,4,4,4,4,4,4,3,4,4,4,4,4,4,4,4,4,4,4,4,5,4,4,2,4,4,4,4,4,4,4,4.0,5,5,5,5.0,5,5,5,5.0,5,5,5.0,5,5,2.0,4.0,4.0,4.0,4.0,4,4,4,4.0,4,4.0,5,4.0,4.0,4.0,4.0,4,4,4,4,4,5,5,4,4,5.0,5,4,4,2,5,5,5,5,5,5,1,564,44,4,0,0,89,0,85,0,1,37,0,1,0,0,2538,0,120,0,139,1004,0,5,2,6
76,5,5,4,4,5,5,5,3,5,5,4,3,3,5,5,5,5,5,4,4,5,4,4,4.0,4,4,1,1,1,1,4,3,3,4,4,2,4,3,4,3,3,3,4,4,4,4,4,4,4,4,3,4,3,2,4,3,3,3,4,3,3,4,4,2,4,2,3,3,4,3,3,3,4,3,3,1,2,3,3,5.0,5,5,5,5.0,4,5,3,5.0,4,5,5.0,4,5,5.0,5.0,4.0,5.0,3.0,3,4,5,5.0,4,5.0,5,4.0,5.0,5.0,4.0,4,5,5,4,3,5,5,4,5,5.0,4,4,4,1,4,5,5,4,3,4,0,134,12,0,0,0,7,0,58,0,0,16,0,0,0,0,2140,3,93,0,47,884,0,0,0,0
78,4,5,4,4,4,3,2,3,5,5,4,5,4,4,4,3,4,3,3,2,4,2,3,3.0,3,3,2,2,2,2,4,3,2,4,3,4,2,3,4,2,3,3,1,3,2,3,3,3,2,3,3,1,4,4,4,2,2,4,2,2,2,2,2,1,2,2,3,4,3,2,3,1,3,3,2,1,1,1,3,4.0,4,4,4,4.0,4,5,5,5.0,4,4,4.0,3,4,3.0,4.0,4.0,4.0,4.0,3,3,4,3.0,3,4.0,4,3.0,4.0,4.0,4.0,4,5,4,3,3,3,5,3,3,4.0,4,2,4,2,3,4,3,2,2,3,18,140,21,2,0,42,40,0,88,0,3,20,2,1,0,0,3192,0,152,0,321,1803,0,0,0,0
47,4,5,5,5,3,1,1,3,4,4,4,5,0,4,4,4,4,2,1,1,4,2,2,2.0,3,3,3,4,4,3,2,4,4,4,4,2,4,4,4,4,4,4,4,4,4,3,2,4,4,4,4,3,4,4,4,4,2,4,4,4,4,4,4,4,4,3,2,4,5,4,3,1,4,4,2,4,3,4,4,4.0,4,5,4,4.0,4,4,5,4.0,4,3,4.0,4,5,3.0,4.0,5.0,5.0,4.0,4,3,4,4.0,4,3.0,4,2.0,4.0,4.0,3.0,4,5,4,4,5,5,4,3,2,5.0,4,2,3,2,5,4,4,1,3,3,1,246,16,0,0,0,24,0,16,2,0,0,1,0,0,0,3581,0,113,0,53,1578,0,1,1,0
94,5,4,4,4,4,4,5,3,3,4,4,4,4,4,3,4,4,4,4,4,5,4,4,4.0,4,4,2,4,4,4,4,3,3,3,1,4,3,3,2,3,2,2,3,1,3,2,1,3,2,3,2,2,3,3,3,3,3,3,3,2,2,3,2,3,3,2,2,3,3,2,3,1,1,3,3,2,1,1,1,4.0,4,4,4,3.0,3,4,3,4.0,3,3,4.0,2,4,3.0,3.0,3.0,3.0,2.0,3,2,4,3.0,2,3.0,4,3.0,3.0,4.0,5.0,3,4,4,4,4,4,5,5,4,4.0,4,4,4,2,3,4,3,3,4,3,3,123,20,0,0,0,86,0,65,0,2,13,0,0,0,0,2601,0,87,0,699,1439,0,0,0,0
94,3,3,3,3,3,3,3,3,3,3,3,3,3,3,3,3,3,3,3,3,3,3,3,3.0,3,3,3,3,3,3,3,2,2,2,2,2,2,2,2,2,2,2,2,2,2,2,1,1,1,1,1,1,1,1,1,1,1,1,1,1,1,1,1,1,1,1,2,2,2,2,2,2,1,1,2,2,2,2,1,4.0,4,4,4,4.0,4,4,4,4.0,4,4,4.0,4,3,3.0,4.0,4.0,4.0,3.0,3,4,4,4.0,3,4.0,4,3.0,4.0,4.0,4.0,3,3,3,3,3,4,4,2,3,3.0,3,2,4,3,3,3,3,3,4,2,1,79,17,0,0,0,29,0,95,0,1,9,0,2,0,0,3185,1,121,0,160,1190,0,2,0,0
97,5,5,5,5,4,4,4,4,4,4,4,4,4,4,4,2,4,2,4,4,4,4,4,4.0,4,4,2,4,4,4,4,3,3,3,3,3,3,3,3,2,3,3,2,3,2,2,3,3,3,3,3,2,4,3,3,3,2,3,3,3,3,3,3,2,2,2,3,3,3,3,3,2,2,3,2,2,2,2,3,4.0,4,4,4,4.0,4,4,4,4.0,4,4,4.0,4,4,3.0,4.0,4.0,4.0,4.0,2,4,4,4.0,4,4.0,3,3.0,3.0,4.0,4.0,4,3,4,3,5,4,4,5,4,4.0,4,3,4,2,4,4,4,4,4,4,1,272,16,16,0,0,30,7,23,0,0,15,0,2,0,0,1589,1,38,0,40,915,0,0,0,8
85,3,3,3,3,4,4,4,4,4,4,4,4,4,4,4,3,4,3,3,3,4,2,3,3.0,3,3,3,4,4,4,4,3,3,3,3,3,3,2,3,3,3,3,3,3,2,2,3,3,3,3,3,3,3,3,3,2,3,3,3,3,3,3,3,3,3,3,3,3,3,3,3,2,2,3,2,3,3,3,3,4.0,4,4,4,4.0,3,4,4,4.0,4,5,4.0,4,4,3.0,2.0,4.0,4.0,2.0,3,4,4,4.0,4,4.0,4,4.0,4.0,4.0,4.0,4,4,3,4,5,4,5,4,5,5.0,4,3,4,2,4,4,5,3,4,4,0,132,11,0,0,0,16,0,37,0,0,8,1,1,0,1,2313,0,73,0,62,1102,0,0,0,0
96,4,4,5,4,3,3,3,3,5,5,4,4,4,4,4,4,4,4,4,4,4,4,4,4.0,4,4,2,3,2,2,2,3,3,2,2,2,2,2,2,2,2,2,2,2,2,2,3,2,2,2,3,3,3,3,3,2,2,3,3,3,2,3,2,2,3,2,3,2,2,2,3,2,2,3,2,3,2,2,2,3.0,4,4,3,,4,4,3,4.0,4,4,4.0,3,4,4.0,4.0,4.0,4.0,4.0,4,4,4,4.0,3,4.0,4,4.0,4.0,4.0,3.0,4,4,4,4,4,4,5,3,4,5.0,4,4,4,2,4,4,4,4,4,3,1,398,36,123,0,0,86,0,56,0,1,30,2,2,0,59,1651,0,78,0,225,806,0,0,0,2
90,2,4,4,5,2,1,3,2,4,5,4,4,4,5,4,3,4,2,3,3,4,3,4,4.0,2,3,2,4,3,3,2,3,3,4,4,2,3,3,3,3,3,3,2,4,2,4,3,3,3,3,2,2,4,4,3,3,3,3,3,3,3,3,3,2,2,2,3,3,3,2,2,2,3,3,3,2,3,3,3,4.0,3,5,4,4.0,4,5,4,4.0,4,4,4.0,5,4,4.0,4.0,5.0,4.0,5.0,3,4,3,4.0,4,4.0,4,4.0,3.0,4.0,3.0,3,4,3,3,3,4,5,4,4,4.0,4,3,4,2,4,5,4,3,4,4,0,206,17,0,0,0,25,0,51,0,0,14,0,0,0,0,2328,1,68,0,43,1528,0,0,0,0
97,4,4,4,3,4,3,4,4,4,4,4,4,4,4,4,4,4,4,4,4,4,4,4,4.0,4,4,2,2,3,2,3,3,3,3,4,1,3,2,3,4,4,3,2,3,2,2,2,3,3,3,3,3,3,4,4,2,2,3,2,4,3,3,2,2,2,2,2,3,4,3,3,1,1,3,3,2,2,2,2,4.0,4,3,3,4.0,4,4,3,4.0,4,3,3.0,3,3,2.0,4.0,4.0,4.0,4.0,3,4,4,3.0,3,4.0,4,3.0,4.0,4.0,3.0,3,3,4,2,4,4,4,3,3,4.0,4,4,4,2,4,4,4,4,4,4,0,278,15,0,0,0,45,0,84,0,0,14,1,0,0,0,3039,0,102,0,194,1039,0,0,0,0
85,4,5,4,4,5,5,4,1,4,5,5,5,5,5,4,2,4,1,3,2,4,2,3,4.0,3,4,3,2,2,4,5,4,4,4,4,2,4,4,4,4,4,4,4,2,3,4,4,4,4,3,4,4,4,4,4,4,4,4,4,4,4,4,4,4,4,4,4,3,4,4,4,2,3,4,4,3,4,4,4,4.0,4,4,5,4.0,3,5,5,4.0,5,4,4.0,4,5,3.0,4.0,4.0,5.0,4.0,4,3,4,5.0,3,4.0,5,4.0,2.0,5.0,5.0,3,5,5,4,2,4,5,4,4,4.0,5,4,5,2,4,5,5,3,2,4,59,487,83,0,0,108,75,0,89,0,56,37,0,0,0,0,2754,0,142,0,93,755,0,0,0,0
90,4,4,5,4,4,4,4,3,3,4,4,4,4,4,3,3,3,3,3,3,4,3,3,4.0,3,3,3,4,3,3,3,3,3,2,3,2,3,2,3,3,3,2,3,3,3,2,3,3,3,3,3,1,4,3,4,2,3,3,3,3,3,3,2,3,3,1,1,2,3,2,2,1,1,3,1,2,2,1,1,4.0,4,5,4,4.0,5,3,3,4.0,3,3,4.0,2,4,2.0,3.0,3.0,2.0,4.0,2,3,3,4.0,2,2.0,4,3.0,4.0,4.0,3.0,3,3,3,3,2,3,5,5,4,4.0,4,3,4,2,3,4,4,3,4,3,55,83,15,1,0,43,2,0,50,0,5,13,1,2,0,1,2432,1,103,0,32,1372,0,0,0,1
88,4,3,3,3,4,2,2,2,4,4,4,5,3,4,4,3,4,3,4,3,2,2,3,4.0,3,4,3,4,4,2,2,3,3,3,2,3,3,2,3,4,3,3,3,4,2,2,3,3,3,4,4,2,3,3,3,4,3,4,3,3,4,4,4,2,3,3,3,3,5,2,2,1,3,4,3,3,4,4,4,3.0,3,4,4,3.0,4,4,3,3.0,4,4,4.0,3,4,2.0,2.0,3.0,2.0,2.0,3,4,4,4.0,4,3.0,4,2.0,4.0,4.0,4.0,3,4,4,2,3,4,5,3,4,4.0,4,3,4,3,4,4,4,2,4,2,0,169,17,121,0,0,21,0,68,1,0,4,0,1,0,3,2909,2,136,0,112,1110,0,0,0,0
89,4,4,4,3,4,3,3,3,4,4,4,4,4,4,4,4,4,3,3,3,4,4,4,4.0,3,4,3,4,3,2,4,3,3,3,3,3,3,3,3,3,3,3,3,3,2,3,3,3,3,4,4,3,4,2,3,3,3,3,2,3,3,3,3,3,3,3,3,3,4,4,4,2,2,3,3,3,3,3,3,4.0,4,5,5,4.0,4,4,5,5.0,4,4,4.0,3,4,3.0,4.0,4.0,4.0,4.0,3,4,4,4.0,4,4.0,4,3.0,4.0,4.0,4.0,4,5,5,3,4,4,5,4,3,4.0,4,3,5,3,4,5,5,3,4,3,21,350,35,0,0,39,19,0,35,0,4,44,1,0,0,0,1598,0,87,0,50,521,0,0,0,0
99,4,4,4,4,4,3,5,3,3,3,4,4,4,4,4,5,4,5,5,5,5,5,5,5.0,5,5,1,4,1,1,1,3,3,3,3,1,2,2,2,4,4,4,4,4,3,4,4,3,4,4,3,3,4,3,4,4,3,3,3,3,3,4,2,1,3,1,1,3,5,1,2,1,2,2,1,2,2,4,4,3.0,3,3,3,4.0,3,4,2,3.0,4,2,2.0,2,1,4.0,4.0,3.0,3.0,4.0,4,4,4,4.0,2,4.0,4,5.0,3.0,4.0,3.0,3,4,3,4,4,5,5,3,3,5.0,4,5,4,1,3,3,2,2,1,1,0,0,16,0,0,0,38,0,77,0,0,0,0,0,0,0,2000,0,90,0,108,536,0,0,0,0
99,3,3,3,3,3,3,3,3,3,3,3,3,3,3,3,3,3,3,3,3,3,3,3,3.0,3,3,3,3,3,3,3,3,3,3,3,3,3,3,3,3,3,3,3,3,3,3,3,3,3,3,3,3,3,3,3,3,3,3,3,3,3,3,3,3,3,3,3,3,3,3,3,3,3,3,3,3,3,3,3,4.0,4,4,4,4.0,4,4,4,4.0,4,4,4.0,4,4,4.0,4.0,4.0,4.0,4.0,2,4,4,4.0,4,4.0,4,2.0,4.0,4.0,4.0,4,4,4,2,4,4,4,2,2,2.0,4,2,4,2,4,4,4,4,4,2,0,0,7,0,0,0,2,0,8,0,0,0,0,0,0,1,699,0,27,0,5,362,0,0,0,0
88,4,4,3,3,4,4,4,3,5,4,3,5,4,5,4,3,4,3,3,3,3,3,3,4.0,3,3,3,4,4,3,3,4,4,4,4,4,4,3,3,2,3,3,2,4,2,3,4,3,3,3,3,2,3,4,3,3,3,3,3,3,3,3,3,2,3,3,3,3,4,3,2,3,3,3,3,2,1,2,3,4.0,3,4,4,4.0,4,4,4,4.0,4,4,4.0,3,4,4.0,4.0,4.0,4.0,4.0,4,3,4,3.0,4,4.0,3,3.0,4.0,4.0,4.0,4,3,4,4,3,3,5,4,3,4.0,4,4,4,3,4,4,4,3,2,4,0,279,18,1,0,0,43,0,84,0,0,14,0,0,0,0,6413,0,224,0,43,2311,0,0,0,0
86,4,4,4,4,0,3,5,3,4,4,4,5,3,4,4,4,5,4,4,4,4,3,4,4.0,4,4,2,3,3,0,3,3,3,3,3,1,3,3,2,4,4,4,4,4,2,3,3,4,4,4,4,3,4,2,4,3,2,4,3,3,2,3,3,3,3,3,3,3,4,3,3,3,2,3,2,3,2,3,3,4.0,4,3,3,4.0,4,4,4,4.0,4,3,3.0,3,4,3.0,4.0,4.0,4.0,3.0,3,4,4,4.0,3,4.0,3,4.0,3.0,,4.0,3,4,4,3,3,3,4,4,4,4.0,3,4,4,2,4,4,4,4,2,2,0,247,31,0,0,0,10,0,39,1,0,6,0,0,0,0,2130,0,109,0,76,979,0,0,0,0
80,4,4,4,3,4,4,4,3,4,4,4,4,4,4,5,3,5,4,4,3,4,4,3,3.0,3,4,4,4,4,5,4,3,3,3,3,3,3,2,3,3,2,3,2,4,4,3,3,2,4,4,4,2,4,3,4,1,2,4,4,4,4,4,3,3,3,3,2,3,4,4,3,1,2,3,2,2,3,2,4,4.0,4,4,4,4.0,3,4,3,4.0,4,4,4.0,3,4,3.0,3.0,5.0,4.0,3.0,3,3,4,4.0,3,4.0,4,2.0,4.0,4.0,4.0,4,4,4,2,3,4,5,4,3,5.0,5,4,5,2,4,5,5,4,5,5,1,428,33,0,0,0,86,0,104,0,1,10,0,0,0,0,3829,0,147,0,17,1631,0,29,8,0
92,5,5,5,4,4,4,4,4,5,5,5,5,5,5,5,4,5,5,5,5,5,5,5,5.0,5,5,2,3,3,3,3,3,3,3,3,3,3,2,3,2,2,3,2,3,2,3,3,3,3,3,2,2,3,3,3,2,3,3,3,3,3,3,3,2,3,3,3,3,4,3,3,2,3,3,2,2,2,2,2,4.0,4,4,4,4.0,4,4,4,4.0,4,4,4.0,4,4,3.0,4.0,4.0,4.0,4.0,3,4,4,4.0,4,4.0,4,3.0,4.0,4.0,4.0,4,4,4,4,4,4,5,4,4,4.0,4,4,4,2,4,4,5,5,5,5,1,190,15,1,0,0,16,1,100,0,1,1,0,3,0,0,3757,1,131,0,13,1403,0,36,9,1
88,3,3,3,3,4,3,4,3,4,4,3,4,4,4,4,4,4,4,3,3,4,3,3,3.0,3,3,2,4,3,3,2,3,2,2,3,2,2,2,2,3,3,2,2,3,2,2,3,3,2,3,3,2,3,3,3,3,2,3,2,3,3,3,3,3,3,3,3,3,3,2,3,2,2,3,3,2,3,3,3,4.0,3,4,4,3.0,4,4,4,3.0,4,3,4.0,3,4,4.0,3.0,4.0,4.0,4.0,3,3,3,4.0,3,4.0,4,3.0,4.0,4.0,4.0,3,4,4,3,2,4,4,4,4,4.0,4,4,3,3,3,4,4,3,4,4,6,89,13,0,0,15,18,0,57,0,3,19,0,2,0,12,2009,0,83,0,60,1037,0,0,0,0
75,3,4,5,5,5,5,3,3,5,5,5,5,5,5,4,4,4,4,3,4,4,4,4,3.0,3,4,3,3,4,4,4,4,4,4,4,3,4,4,4,4,4,4,4,4,3,4,4,4,4,4,4,3,4,4,4,4,4,4,4,4,4,4,4,4,4,4,4,4,5,4,4,2,4,4,4,4,4,4,4,4.0,4,4,4,4.0,4,4,4,4.0,4,4,4.0,4,4,3.0,4.0,4.0,4.0,4.0,3,4,4,4.0,4,4.0,3,3.0,4.0,4.0,4.0,4,4,4,2,4,4,4,3,3,3.0,4,3,4,3,4,4,4,3,3,4,0,0,6,0,0,0,0,0,78,0,0,0,0,0,0,0,2927,0,149,0,37,1020,0,0,0,0
75,3,4,5,5,5,5,3,3,5,5,5,5,5,5,4,4,4,4,3,4,4,4,4,3.0,3,4,3,3,4,4,4,4,4,4,4,3,4,4,4,4,4,4,4,4,3,4,4,4,4,4,4,3,4,4,4,4,4,4,4,4,4,4,4,4,4,4,4,4,5,4,4,2,4,4,4,4,4,4,4,5.0,5,5,5,4.0,4,4,4,4.0,4,4,4.0,4,4,4.0,4.0,4.0,4.0,4.0,3,4,4,4.0,4,4.0,4,3.0,4.0,4.0,4.0,4,5,5,3,3,3,4,3,2,2.0,4,2,4,1,2,3,5,5,5,4,0,0,6,0,0,0,0,0,78,0,0,0,0,0,0,0,2927,0,149,0,37,1020,0,0,0,0
96,4,5,5,4,4,3,4,3,4,4,4,4,4,4,5,5,5,3,4,5,5,5,5,5.0,5,5,4,1,4,1,1,4,3,4,4,1,4,4,4,3,3,4,2,4,2,4,1,4,4,2,2,3,4,3,4,2,2,4,3,1,3,3,2,2,3,1,4,3,4,2,3,1,3,3,2,1,2,3,4,4.0,4,4,4,3.0,3,5,5,3.0,4,3,4.0,4,4,2.0,4.0,4.0,5.0,5.0,4,4,3,5.0,5,4.0,1,2.0,4.0,3.0,5.0,2,5,3,2,5,2,4,2,1,2.0,2,4,3,4,3,2,5,2,4,3,2,56,14,3,0,0,2,0,33,0,2,1,3,1,0,0,1209,1,45,0,9,586,0,0,0,0
92,4,4,4,4,4,4,4,3,4,4,4,4,4,4,4,3,4,2,4,4,4,4,4,4.0,4,4,2,2,2,2,2,4,4,4,4,3,4,4,4,4,4,4,4,4,4,4,4,4,4,4,4,4,4,4,4,4,4,4,4,4,4,4,4,4,4,4,4,3,3,3,3,3,3,2,2,3,3,4,3,4.0,4,4,4,4.0,4,4,4,4.0,4,4,4.0,4,4,4.0,4.0,4.0,4.0,4.0,2,4,4,4.0,4,4.0,4,2.0,4.0,4.0,4.0,4,4,4,2,4,4,4,2,2,2.0,3,3,4,4,4,4,4,4,4,4,2,256,10,0,0,0,6,0,87,0,2,18,0,1,0,0,4439,0,143,0,16,2041,0,0,0,0
86,4,4,3,3,4,4,4,4,4,4,4,4,4,4,4,4,4,3,4,4,4,4,4,4.0,3,4,3,4,3,2,4,3,3,3,3,3,3,3,2,2,3,3,3,3,2,3,3,3,3,3,3,2,3,2,3,3,2,3,2,3,3,3,3,3,3,3,3,3,3,2,3,1,1,3,2,3,2,3,2,3.0,3,4,4,4.0,3,4,4,4.0,4,4,4.0,4,4,4.0,4.0,4.0,4.0,4.0,3,3,3,2.0,2,3.0,4,2.0,4.0,3.0,4.0,3,4,4,2,4,4,4,2,2,2.0,3,3,3,3,4,4,4,4,4,4,0,332,25,0,0,0,44,0,129,0,0,2,0,0,0,0,2841,0,182,0,206,1070,0,0,0,0
79,2,2,4,3,4,3,2,3,4,4,3,4,2,4,4,4,3,3,2,2,4,2,3,3.0,2,2,4,4,3,4,4,3,2,4,3,3,2,2,1,3,3,2,2,4,1,2,4,4,2,3,3,2,4,4,4,2,3,4,2,2,3,3,2,2,2,2,2,3,2,3,2,1,2,4,2,2,3,2,4,4.0,4,4,4,4.0,4,4,4,4.0,4,5,4.0,5,5,3.0,3.0,4.0,5.0,4.0,4,3,4,3.0,5,2.0,3,2.0,3.0,4.0,3.0,4,5,3,4,5,3,4,3,2,3.0,5,3,3,3,4,2,4,5,5,5,8,99,17,0,0,0,10,0,130,3,2,15,0,2,0,0,5047,3,202,0,161,1948,0,0,0,0
55,4,4,4,4,4,4,4,4,4,4,4,4,4,4,4,4,4,4,4,4,4,4,4,4.0,4,4,4,4,4,4,4,3,3,3,3,2,3,2,3,3,3,2,2,4,2,3,3,3,3,3,2,3,4,4,4,4,2,3,2,3,4,4,2,3,3,3,3,3,5,4,2,1,3,4,2,4,4,4,4,4.0,4,4,4,4.0,3,4,3,4.0,3,5,4.0,3,5,3.0,3.0,4.0,4.0,3.0,3,4,5,4.0,4,4.0,4,3.0,3.0,5.0,4.0,4,4,4,3,2,4,4,2,2,2.0,4,2,4,2,2,2,4,5,5,4,0,154,9,0,0,0,7,0,45,0,0,6,0,0,0,0,1937,0,81,0,57,810,0,1,0,0
88,3,4,4,4,3,3,3,3,4,4,3,4,3,4,4,4,4,4,3,3,4,3,3,3.0,3,3,3,3,3,3,3,2,2,2,3,1,3,2,3,3,3,2,3,3,1,3,3,2,3,4,1,3,3,3,3,3,3,3,3,3,3,3,3,1,1,3,3,3,3,2,3,1,1,3,2,1,1,3,3,2.0,2,4,3,3.0,4,4,3,4.0,4,3,4.0,2,3,3.0,3.0,4.0,4.0,4.0,3,4,4,4.0,2,4.0,4,2.0,4.0,4.0,3.0,3,3,3,3,4,3,4,3,3,3.0,4,4,4,3,3,3,4,4,4,3,1,126,4,0,0,0,3,0,51,0,1,2,0,15,0,0,2047,7,68,0,6,889,0,0,0,0
90,4,4,4,4,4,3,4,4,4,4,4,4,4,4,4,4,4,4,4,4,4,4,4,4.0,4,4,3,4,4,2,4,4,4,4,4,4,3,3,3,3,4,3,3,4,3,3,4,4,4,4,4,4,4,2,3,3,2,3,3,4,4,4,4,4,4,3,4,3,4,3,3,2,2,3,2,3,3,2,3,5.0,5,5,5,5.0,5,5,4,5.0,5,4,5.0,5,5,3.0,5.0,5.0,5.0,5.0,1,4,4,4.0,5,4.0,4,2.0,4.0,4.0,5.0,4,5,5,2,4,4,5,1,1,1.0,5,1,5,3,3,3,4,4,4,3,3,67,1,0,0,0,2,0,61,0,3,1,0,6,0,0,3230,0,113,0,11,1181,0,0,0,0
97,5,5,5,4,4,4,5,5,5,5,5,5,5,5,5,4,4,4,5,5,5,5,5,5.0,5,5,1,2,1,1,3,2,2,1,2,2,2,1,3,4,4,2,3,4,2,4,3,2,1,1,4,3,4,2,3,4,3,4,2,4,2,3,3,1,1,3,3,2,2,1,3,1,2,1,2,3,1,2,4,5.0,4,5,5,5.0,4,5,4,5.0,4,4,5.0,3,5,3.0,5.0,5.0,5.0,4.0,3,3,4,3.0,4,3.0,5,3.0,4.0,5.0,3.0,4,4,5,2,4,4,4,2,3,2.0,3,2,3,5,3,3,2,4,4,5,1,42,14,0,0,0,11,0,32,0,1,2,0,0,0,0,1726,0,61,0,0,854,0,0,0,0
87,5,5,5,5,5,3,5,4,5,5,5,4,5,5,5,3,4,4,5,5,5,5,5,4.0,4,5,3,4,2,1,4,4,3,4,3,2,2,3,4,4,4,3,3,4,3,2,4,1,4,4,4,2,4,4,4,4,4,4,3,4,4,4,4,4,4,4,3,4,5,3,4,1,2,4,4,2,4,4,4,4.0,4,4,4,4.0,4,5,5,5.0,4,5,5.0,4,5,5.0,5.0,4.0,5.0,5.0,2,5,5,5.0,5,5.0,5,5.0,5.0,5.0,5.0,5,5,5,5,5,4,5,3,3,3.0,5,3,5,4,4,3,5,4,5,5,3,271,33,0,0,0,31,0,59,0,3,39,4,0,0,0,3030,0,109,0,34,1421,0,0,0,0
95,5,5,4,5,4,4,4,5,5,5,5,5,5,5,5,5,5,5,5,5,5,5,5,4.0,5,5,1,5,4,4,4,4,3,3,2,3,2,3,3,1,2,3,1,3,2,3,3,3,3,4,1,2,3,3,3,2,2,2,3,2,2,2,4,1,2,4,4,3,4,3,4,2,3,2,1,1,2,2,2,5.0,5,5,4,4.0,4,4,5,5.0,4,4,4.0,4,4,4.0,4.0,4.0,4.0,4.0,3,4,5,4.0,4,4.0,4,3.0,4.0,4.0,4.0,4,4,4,3,4,4,5,3,2,3.0,5,2,5,5,5,5,5,5,5,5,5,205,27,0,0,2,65,0,125,0,4,79,0,1,0,23,6191,2,238,0,2,2638,0,0,0,0
96,4,4,4,4,4,4,4,3,4,4,4,4,4,4,4,4,4,4,4,3,4,4,4,4.0,4,4,2,3,3,2,2,3,2,3,3,3,3,3,3,3,3,3,3,2,3,2,3,3,3,3,2,2,3,2,3,3,3,3,3,3,3,3,3,2,3,2,2,3,3,3,3,2,2,3,3,3,2,2,2,3.0,3,3,4,3.0,3,4,4,4.0,3,5,4.0,3,4,3.0,4.0,3.0,4.0,3.0,3,4,4,4.0,4,3.0,3,2.0,3.0,4.0,3.0,3,4,4,2,3,4,4,2,2,2.0,4,2,4,2,4,4,4,4,4,4,0,380,28,2,0,0,94,0,80,0,0,36,4,1,0,73,3810,0,143,0,171,2067,0,0,0,0
96,4,4,4,1,5,5,5,4,5,5,4,4,4,4,4,1,5,2,5,4,5,4,4,4.0,4,4,2,1,2,2,3,4,4,4,4,4,4,4,4,2,2,2,2,2,3,3,2,3,4,2,1,1,3,3,3,2,2,3,4,3,3,3,2,4,2,3,2,3,4,2,2,4,2,2,1,3,4,1,3,3.0,4,4,4,5.0,5,5,4,4.0,5,4,4.0,5,4,5.0,4.0,4.0,3.0,4.0,2,5,4,4.0,4,4.0,4,4.0,4.0,4.0,4.0,4,5,4,2,2,4,4,1,2,2.0,5,3,4,5,5,5,5,5,5,4,5,168,21,0,0,0,12,0,51,0,0,18,1,0,0,0,3264,0,110,0,8,1599,0,0,0,0
79,4,4,4,4,4,4,4,4,4,4,4,4,4,4,4,3,4,3,4,3,4,2,4,4.0,4,4,2,2,2,2,4,3,2,4,4,4,4,3,4,3,4,4,3,4,2,2,4,4,4,4,3,2,4,4,4,4,4,3,3,4,3,4,3,2,3,3,4,4,4,4,4,1,4,3,2,2,2,3,4,4.0,4,4,4,4.0,4,4,4,4.0,4,4,4.0,4,4,4.0,4.0,4.0,4.0,4.0,3,4,4,4.0,4,4.0,4,4.0,4.0,4.0,4.0,4,4,4,2,4,4,5,2,2,2.0,4,2,4,3,4,4,4,4,4,4,10,205,35,0,0,1,82,0,42,0,5,34,20,0,0,0,2127,2,78,0,33,1204,0,0,0,0
97,5,5,5,3,5,5,5,3,5,5,4,5,4,4,5,5,5,5,4,4,5,4,4,4.0,4,4,2,3,4,4,4,4,4,3,4,2,3,2,2,4,4,4,2,3,2,2,4,3,4,3,2,2,3,3,3,1,3,3,3,3,3,4,2,3,3,2,2,2,3,2,4,2,2,4,3,2,4,3,4,5.0,5,5,5,5.0,5,5,5,5.0,5,5,5.0,5,5,5.0,5.0,5.0,5.0,5.0,1,5,5,5.0,5,5.0,5,2.0,5.0,5.0,5.0,5,5,5,4,5,5,5,1,1,1.0,5,1,5,4,4,4,3,5,5,5,6,580,271,0,0,2,73,0,104,0,0,47,11,0,0,0,6182,0,250,0,130,3218,0,1,0,0
97,5,4,5,5,5,5,5,5,5,5,5,5,5,5,4,5,5,5,5,5,5,5,4,5.0,4,5,2,2,5,4,5,4,3,3,4,4,4,2,3,4,4,3,3,4,1,1,3,3,3,3,3,3,4,4,3,4,2,4,2,4,4,4,4,4,4,3,4,1,2,4,3,1,1,4,4,3,3,1,4,4.0,4,4,4,5.0,5,5,3,4.0,5,4,5.0,5,4,4.0,5.0,4.0,5.0,5.0,2,4,4,4.0,3,5.0,5,2.0,3.0,4.0,4.0,4,4,4,3,2,5,4,3,2,2.0,3,3,3,4,4,4,5,4,4,4,6,320,16,3,0,2,13,0,75,0,3,59,0,0,0,0,2820,0,117,0,26,1219,0,0,0,1
85,4,5,4,4,5,3,3,3,4,4,4,4,4,5,5,4,4,3,5,4,4,4,4,4.0,4,4,1,2,1,1,1,3,3,4,3,2,3,3,3,2,3,4,3,3,3,3,4,4,3,2,4,3,4,4,4,4,3,4,2,2,3,3,2,2,2,2,2,3,4,3,3,1,1,3,2,2,2,2,3,5.0,5,5,5,5.0,5,5,5,5.0,5,5,5.0,5,5,5.0,5.0,5.0,5.0,5.0,3,4,3,4.0,4,3.0,3,2.0,4.0,5.0,4.0,4,4,4,3,4,4,4,2,2,2.0,4,3,4,4,4,4,4,4,4,4,7,589,27,0,0,1,84,0,117,0,1,110,0,0,0,0,4594,0,156,0,242,1807,0,0,0,0
97,3,4,4,1,5,5,5,5,5,5,5,5,4,5,3,3,3,2,5,5,5,5,5,5.0,5,4,1,3,5,4,4,3,2,2,2,1,4,3,3,4,4,4,4,4,3,3,3,4,4,3,4,4,4,3,2,3,2,4,4,4,4,3,3,4,3,4,3,3,5,4,4,1,3,3,4,2,4,4,4,4.0,3,4,3,5.0,4,4,2,4.0,4,3,4.0,4,3,5.0,5.0,4.0,5.0,5.0,4,4,3,4.0,3,4.0,2,2.0,4.0,4.0,4.0,4,4,4,2,4,4,3,3,3,2.0,2,2,2,4,4,5,3,4,4,5,0,37,12,0,0,0,45,0,124,0,0,3,0,0,0,0,3617,2,162,0,155,1574,0,14,2,0
95,4,4,4,4,5,5,5,4,4,4,5,5,4,4,4,4,5,4,5,5,5,4,5,5.0,5,5,4,4,4,2,2,3,3,3,3,2,2,3,2,2,3,1,2,2,3,2,2,2,3,2,2,3,2,2,2,3,2,3,3,3,3,4,3,3,3,3,2,3,3,3,3,3,3,3,2,2,3,3,2,4.0,4,4,2,3.0,4,5,1,4.0,5,2,3.0,3,2,4.0,4.0,4.0,4.0,4.0,2,3,5,4.0,4,5.0,4,2.0,4.0,4.0,4.0,3,4,4,4,4,4,5,2,3,2.0,4,2,4,3,3,4,4,3,4,4,0,11,8,0,0,0,22,0,104,0,0,6,0,0,0,4,2826,0,135,0,144,1508,0,0,0,0
91,3,3,5,4,5,4,5,4,5,5,5,5,5,5,5,5,5,5,4,4,4,4,4,4.0,4,4,4,4,5,4,3,3,2,3,3,2,3,2,3,3,3,3,3,3,2,2,3,3,3,3,3,2,3,4,2,2,2,3,3,3,3,3,3,3,3,2,3,3,4,3,3,2,2,3,3,2,3,2,3,5.0,5,5,5,4.0,4,4,4,5.0,3,5,5.0,3,4,3.0,4.0,4.0,3.0,3.0,3,4,4,4.0,4,3.0,4,3.0,4.0,4.0,5.0,3,5,3,3,4,4,4,2,1,3.0,4,3,4,4,5,4,5,4,3,4,0,207,28,15,0,0,16,0,92,0,0,18,3,3,0,2,3491,0,159,0,68,1387,0,0,0,2
96,4,4,5,4,5,5,5,5,5,5,4,5,4,5,5,4,5,4,4,3,5,3,3,3.0,3,4,3,3,4,3,5,3,3,2,2,1,2,2,2,1,1,1,1,3,2,2,4,3,2,3,2,2,3,3,2,3,3,3,2,3,3,3,3,3,2,2,2,3,3,2,2,1,2,4,4,3,3,2,3,5.0,5,5,5,4.0,3,3,4,4.0,4,5,4.0,4,5,3.0,3.0,3.0,3.0,3.0,4,4,4,4.0,4,4.0,4,3.0,4.0,4.0,4.0,4,5,5,3,5,3,5,4,3,2.0,4,2,4,5,5,5,3,5,5,5,0,259,53,0,0,0,48,0,85,0,0,32,3,0,0,0,2601,3,133,0,61,1034,0,1,1,0
91,4,4,4,4,5,4,4,3,5,4,3,4,3,5,4,3,4,4,3,3,3,3,3,3.0,3,3,3,3,3,3,2,4,2,4,4,3,2,2,4,3,4,2,2,3,2,2,3,4,3,3,4,2,4,3,3,1,2,3,1,3,3,3,2,2,2,2,2,1,3,3,2,1,2,3,1,1,2,1,3,4.0,4,4,4,5.0,4,4,4,5.0,4,5,5.0,3,4,4.0,4.0,4.0,3.0,4.0,5,4,4,4.0,4,3.0,3,3.0,3.0,4.0,4.0,4,4,4,3,4,3,3,4,4,3.0,4,3,3,5,5,4,3,4,4,4,0,120,22,0,0,0,7,0,57,0,0,12,1,2,0,0,3909,2,140,0,4,1870,0,0,0,0
91,5,4,4,4,5,4,5,5,5,5,5,5,5,5,4,4,5,4,5,5,5,5,5,5.0,5,5,4,4,5,3,4,4,4,3,3,3,4,4,3,3,3,3,3,4,4,2,2,3,3,3,3,3,3,3,3,2,3,3,3,3,3,3,3,3,3,3,3,4,4,2,3,3,3,4,4,3,2,3,3,4.0,4,4,4,5.0,4,4,4,4.0,4,4,4.0,4,4,4.0,4.0,4.0,4.0,4.0,3,3,4,4.0,4,4.0,4,3.0,4.0,4.0,4.0,4,4,5,2,3,4,4,2,2,2.0,3,2,3,3,4,4,4,4,4,4,0,96,12,0,0,0,1,0,124,0,0,2,1,2,0,0,3644,0,176,0,37,1103,0,0,0,0
94,4,4,4,4,4,3,4,4,4,4,4,4,4,4,4,4,4,4,4,4,4,4,4,4.0,4,4,2,4,2,2,2,2,3,3,3,3,2,2,2,3,3,3,2,3,2,2,2,3,3,3,3,2,3,3,3,2,2,3,3,2,3,3,3,2,3,3,3,3,3,3,3,2,2,3,2,2,2,2,3,5.0,4,5,5,5.0,5,5,5,5.0,5,5,5.0,4,5,4.0,4.0,5.0,5.0,4.0,3,5,5,4.0,4,5.0,4,3.0,5.0,4.0,4.0,4,4,5,2,4,5,5,2,2,2.0,5,2,5,4,4,4,4,5,4,4,2,78,3,0,0,3,2,0,66,0,1,2,0,0,0,0,2576,0,115,0,26,1105,0,1,0,0
49,5,5,5,5,5,5,5,5,5,5,5,5,5,5,5,5,5,5,5,5,5,5,5,5.0,5,5,1,3,4,3,3,3,3,3,2,2,3,2,4,3,3,3,4,3,2,2,1,2,2,2,2,2,3,4,3,4,2,3,3,3,3,3,2,4,3,2,2,2,4,2,2,2,2,4,3,4,4,3,3,4.0,3,4,3,3.0,5,5,3,3.0,5,4,4.0,3,4,4.0,4.0,4.0,4.0,4.0,3,3,3,4.0,2,3.0,3,3.0,3.0,3.0,2.0,3,4,3,3,2,5,5,3,3,2.0,4,3,3,4,4,4,4,4,5,5,3,79,6,0,0,3,2,0,43,0,2,6,0,2,0,0,1946,1,92,0,18,854,0,0,0,0
84,4,4,5,4,4,3,3,3,4,4,4,4,4,4,4,4,4,4,3,3,4,3,4,4.0,3,4,2,4,2,1,1,3,3,2,2,2,3,2,2,3,3,2,2,4,3,3,2,2,2,3,2,2,3,3,3,3,2,2,2,3,3,3,3,3,3,2,2,3,3,3,3,1,1,4,2,2,2,2,2,4.0,5,4,5,3.0,4,4,4,5.0,3,5,5.0,2,4,3.0,4.0,3.0,4.0,4.0,4,3,4,4.0,4,3.0,4,4.0,2.0,4.0,3.0,4,5,4,4,4,4,5,4,5,4.0,4,4,4,2,2,2,2,4,5,3,2,237,13,0,0,0,35,0,195,0,2,25,0,1,0,0,4965,0,239,0,148,1932,0,0,0,0
98,4,4,5,4,4,3,5,3,5,5,5,5,5,5,5,4,5,5,5,5,5,5,5,5.0,5,5,3,3,4,3,4,3,3,2,3,1,3,3,3,2,3,3,3,3,3,3,3,3,3,2,3,3,3,4,3,2,3,4,3,2,3,3,3,3,3,3,3,2,3,3,2,3,2,3,2,4,2,3,3,5.0,5,4,5,5.0,5,5,5,5.0,5,5,5.0,5,5,5.0,5.0,5.0,5.0,5.0,4,5,5,4.0,4,4.0,3,3.0,5.0,5.0,5.0,5,5,5,3,5,4,5,4,4,3.0,4,3,5,3,4,4,2,4,4,4,1,56,30,1,0,0,17,0,116,0,1,0,0,0,0,0,4193,0,151,0,18,1922,0,0,0,0
94,5,5,5,5,5,5,5,5,5,5,4,5,4,5,5,5,5,5,5,4,5,5,5,5.0,4,5,2,3,3,1,1,3,3,2,2,2,3,2,3,3,3,3,3,3,3,3,3,4,3,3,3,2,4,4,4,3,3,3,2,4,3,3,2,3,3,1,2,3,2,2,3,1,1,3,2,3,2,3,3,4.0,4,5,5,5.0,5,5,3,5.0,5,4,5.0,4,4,3.0,4.0,4.0,4.0,5.0,3,4,4,5.0,3,3.0,5,4.0,3.0,5.0,4.0,3,4,5,5,2,5,5,4,3,5.0,5,4,5,3,4,3,1,5,5,5,1,83,9,0,0,0,1,0,53,0,1,19,0,0,0,0,1920,0,84,0,24,815,0,0,0,0
85,5,5,5,4,5,4,3,3,5,5,5,5,4,5,5,3,4,5,5,3,4,4,4,4.0,4,4,3,3,3,2,3,3,2,3,3,2,3,2,3,3,4,3,3,4,2,3,2,2,2,3,4,1,4,4,2,3,2,3,3,3,3,4,2,2,3,2,2,4,4,2,3,1,2,4,2,2,2,2,3,4.0,3,4,3,5.0,4,5,3,4.0,4,4,3.0,3,4,4.0,4.0,4.0,4.0,4.0,4,3,3,4.0,4,4.0,3,4.0,4.0,4.0,4.0,5,5,4,4,4,5,5,3,3,4.0,4,5,4,4,3,3,2,4,4,4,1,111,12,0,0,0,20,0,95,0,1,13,2,0,0,0,3285,0,150,0,114,1348,0,0,0,0
89,4,4,4,4,3,3,4,2,5,3,4,5,3,4,4,3,3,3,4,4,4,4,4,4.0,4,4,3,3,3,3,3,2,3,2,3,1,1,1,1,1,3,2,2,2,1,2,3,3,3,2,1,1,3,2,3,1,1,2,1,1,1,1,1,1,1,1,1,1,1,1,1,1,1,2,2,2,1,2,1,4.0,3,3,3,3.0,4,5,3,3.0,4,3,4.0,4,3,3.0,3.0,4.0,4.0,4.0,2,3,5,3.0,3,3.0,3,5.0,3.0,5.0,4.0,3,4,3,2,4,4,4,3,3,3.0,3,4,3,4,3,3,1,3,3,2,2,29,7,2,0,0,8,0,31,0,2,0,0,0,0,0,1118,0,48,0,27,471,0,0,0,0
95,5,5,5,5,5,5,5,3,5,5,5,5,5,5,5,3,5,5,5,5,5,5,5,5.0,5,5,5,5,5,5,5,4,4,4,4,1,4,4,4,4,4,4,4,4,1,4,4,4,4,4,4,4,4,1,4,1,4,4,4,4,4,4,4,4,4,4,4,4,4,4,4,2,3,4,4,4,4,4,4,5.0,5,5,5,5.0,5,5,5,5.0,5,5,5.0,5,5,5.0,5.0,5.0,5.0,5.0,5,5,5,5.0,5,5.0,5,5.0,5.0,5.0,5.0,5,5,5,5,5,5,5,5,5,5.0,5,5,5,5,5,5,1,5,5,5,10,149,20,0,0,0,10,0,74,0,10,8,2,2,0,0,2723,1,124,0,14,965,0,0,0,0
59,3,3,3,3,3,3,3,3,3,3,3,3,3,3,3,3,3,3,3,3,3,3,3,3.0,3,3,3,3,3,3,3,2,3,3,2,2,3,2,3,2,3,2,3,3,2,3,2,3,3,2,3,2,3,3,3,3,3,3,2,3,3,3,3,2,3,2,3,3,2,3,3,2,3,3,3,2,3,3,3,3.0,3,3,3,3.0,3,3,3,3.0,3,3,3.0,3,3,3.0,3.0,3.0,4.0,4.0,4,4,4,4.0,3,2.0,3,4.0,4.0,3.0,2.0,3,3,3,1,3,3,2,3,3,3.0,2,3,2,3,4,5,3,3,3,3,1,7,17,0,0,0,2,0,36,0,1,0,0,0,0,0,1328,0,65,0,10,495,0,0,0,0
59,4,3,3,4,3,4,4,3,3,4,4,3,4,3,4,3,3,4,3,3,4,4,4,4.0,3,3,4,3,4,4,3,2,3,3,2,2,3,2,3,2,3,2,3,3,2,3,2,3,3,2,3,2,3,3,3,3,3,3,2,3,3,3,3,2,3,2,3,3,2,3,3,2,3,3,3,2,3,3,3,3.0,3,3,3,3.0,3,3,3,3.0,3,3,3.0,3,3,3.0,3.0,3.0,4.0,4.0,4,4,4,4.0,3,2.0,3,4.0,4.0,3.0,2.0,3,3,3,1,3,3,2,3,3,3.0,2,3,2,3,4,5,3,3,3,3,1,7,17,0,0,0,2,0,36,0,1,0,0,0,0,0,1328,0,65,0,10,495,0,0,0,0
90,3,3,4,3,3,3,3,3,4,4,3,4,3,4,4,3,4,3,3,3,4,3,3,3.0,3,3,3,2,2,3,4,3,2,3,3,3,2,2,2,3,3,2,2,3,3,2,2,2,2,3,3,2,4,2,3,4,2,2,2,3,2,4,3,2,3,2,3,2,2,3,2,2,3,3,2,2,2,2,3,4.0,4,4,4,4.0,4,4,4,4.0,4,4,4.0,3,4,4.0,4.0,4.0,4.0,4.0,3,3,4,4.0,4,3.0,4,4.0,3.0,4.0,4.0,4,3,4,3,4,4,3,4,4,4.0,4,4,4,3,3,3,2,3,4,4,1,93,11,0,0,0,23,0,122,0,1,19,2,0,0,0,7038,0,198,0,75,4633,0,0,0,0
83,3,3,4,4,3,4,4,3,3,4,4,4,3,4,3,3,4,3,3,3,4,4,4,4.0,3,3,3,4,4,3,3,2,2,3,3,3,2,3,3,3,3,3,2,3,2,2,3,3,3,3,3,2,2,3,3,2,3,2,3,2,3,3,3,3,3,2,2,3,2,3,3,3,3,3,3,2,3,3,3,4.0,3,4,3,4.0,5,5,3,3.0,5,3,3.0,3,3,3.0,4.0,4.0,4.0,4.0,4,3,4,5.0,3,3.0,4,2.0,4.0,4.0,4.0,3,3,3,4,4,4,3,4,3,4.0,4,4,4,5,5,5,1,4,5,5,1,122,8,0,0,0,8,0,18,0,0,1,0,0,0,0,931,0,40,0,23,442,0,0,0,0
86,3,3,4,4,4,3,4,4,5,5,4,5,4,4,4,3,3,4,3,3,4,3,4,4.0,3,3,4,3,3,4,4,3,4,4,3,3,3,2,2,1,2,3,3,4,2,3,1,3,1,4,1,3,4,3,1,3,3,3,3,3,3,3,3,3,3,3,2,2,3,2,3,3,2,4,3,2,3,3,2,1.0,1,1,1,3.0,3,4,5,3.0,3,3,4.0,4,4,4.0,4.0,4.0,3.0,4.0,3,3,4,3.0,4,3.0,4,3.0,4.0,3.0,3.0,4,3,3,3,3,3,5,3,3,4.0,4,3,4,3,4,3,2,3,4,3,0,217,16,0,0,0,1,0,114,0,0,0,1,1,0,0,4998,0,151,0,3,2699,0,0,0,0
70,5,5,5,5,5,5,5,5,5,5,5,5,5,5,5,5,5,5,5,5,5,5,5,5.0,5,5,4,4,2,3,5,4,4,4,4,1,4,3,4,4,3,3,4,2,3,4,3,4,4,4,4,4,4,3,4,3,4,4,4,4,4,4,4,3,4,4,4,2,3,3,3,2,4,3,3,4,4,4,4,5.0,5,5,5,5.0,5,5,5,5.0,5,5,5.0,5,5,4.0,5.0,5.0,5.0,5.0,4,4,5,5.0,5,4.0,4,5.0,5.0,5.0,5.0,5,5,5,2,3,4,5,1,4,4.0,5,5,5,4,5,5,1,5,5,5,0,70,13,20,0,0,13,2,46,0,0,15,1,1,0,0,1593,0,69,0,26,907,0,0,0,3
86,4,4,5,5,3,3,4,4,4,4,5,4,4,4,5,4,4,4,4,4,4,4,4,4.0,4,4,3,3,4,4,4,3,3,3,3,1,2,2,2,3,3,2,2,3,2,3,3,3,2,3,3,2,4,3,4,3,3,3,2,4,3,4,2,3,3,2,4,3,3,3,3,1,3,3,4,1,2,3,2,5.0,5,5,5,4.0,5,5,5,5.0,5,4,4.0,5,5,5.0,5.0,4.0,5.0,4.0,5,3,4,4.0,4,4.0,4,4.0,4.0,4.0,5.0,4,4,4,3,4,5,5,1,4,1.0,5,1,5,3,4,4,3,4,4,4,2,55,6,1,0,0,11,0,56,0,2,11,0,1,0,0,2101,0,92,0,68,1070,0,5,1,1
97,5,5,5,5,4,4,5,3,5,5,5,5,5,5,5,5,5,5,5,5,5,5,5,5.0,5,5,2,3,3,2,3,4,4,4,1,2,4,2,2,4,4,4,3,4,4,4,2,3,4,3,3,3,4,1,3,3,4,4,4,4,4,4,2,2,2,2,2,4,4,3,4,1,1,3,1,1,2,3,4,5.0,5,5,5,4.0,4,5,4,5.0,4,5,5.0,3,4,5.0,5.0,5.0,5.0,4.0,5,4,5,4.0,4,5.0,5,5.0,4.0,5.0,5.0,4,4,4,4,3,5,5,5,5,5.0,5,4,5,5,4,3,1,3,4,5,1,102,11,0,0,0,53,0,43,0,1,11,1,0,0,0,2619,0,70,0,3,1529,0,0,0,0
82,5,5,5,5,5,3,5,5,5,5,5,5,5,5,5,5,5,5,5,5,5,5,5,5.0,5,5,5,5,5,5,5,2,2,2,2,2,2,2,2,2,2,2,2,2,2,2,2,2,2,2,2,2,2,2,2,2,2,2,2,2,2,4,4,4,4,4,4,4,4,4,4,4,4,4,4,2,3,3,3,4.0,4,4,4,3.0,4,4,3,3.0,4,4,4.0,4,4,3.0,3.0,3.0,3.0,3.0,2,4,4,4.0,4,4.0,4,3.0,3.0,4.0,4.0,4,4,4,2,3,4,4,3,3,3.0,4,4,4,3,4,3,4,4,4,4,1,86,15,0,0,0,4,0,40,1,1,2,0,1,0,0,1806,1,85,0,88,903,0,0,0,0
95,4,4,5,2,5,5,5,2,4,4,5,5,5,5,4,1,4,4,5,4,5,3,4,3.0,4,3,4,3,5,5,3,2,1,3,2,2,3,1,1,3,4,2,3,1,1,3,1,1,4,3,1,3,3,4,4,3,1,1,2,3,1,3,2,2,2,2,2,2,1,3,3,1,1,4,1,1,1,1,3,4.0,3,4,4,4.0,4,5,5,4.0,5,5,5.0,4,5,4.0,5.0,5.0,4.0,4.0,3,4,4,2.0,2,4.0,2,4.0,1.0,5.0,5.0,3,3,2,1,5,4,5,4,5,1.0,5,2,5,3,4,3,2,3,3,4,0,58,14,0,0,0,6,0,75,0,0,2,3,0,0,0,1482,1,100,0,139,699,0,0,0,1
93,4,5,5,5,5,3,5,2,4,5,5,5,5,5,5,5,5,5,5,5,5,5,5,5.0,5,5,1,3,1,2,1,3,4,3,2,3,2,1,1,1,4,2,1,4,1,1,1,3,4,4,3,1,4,3,4,1,3,4,1,3,4,3,1,1,1,1,1,4,1,1,4,1,1,4,1,1,1,1,4,4.0,5,5,5,3.0,5,5,5,5.0,4,5,5.0,5,5,4.0,4.0,5.0,4.0,5.0,4,3,5,5.0,4,3.0,5,5.0,3.0,5.0,5.0,3,3,5,5,5,5,5,5,5,5.0,5,5,5,5,5,5,1,3,5,5,4,157,16,2,0,7,23,2,66,0,0,6,1,0,0,0,2381,0,83,0,44,1348,0,0,0,2
90,4,4,5,4,4,3,4,2,4,5,4,5,4,5,4,3,4,4,3,3,4,3,3,3.0,3,3,2,3,4,4,3,3,2,3,2,3,3,2,3,3,3,2,2,3,2,2,3,2,3,3,3,2,3,3,3,3,3,3,2,3,2,3,2,2,2,2,3,3,3,2,2,1,1,3,3,3,3,2,2,4.0,5,4,4,4.0,4,4,5,4.0,4,5,5.0,4,4,4.0,3.0,4.0,4.0,4.0,4,4,4,4.0,4,4.0,4,4.0,4.0,4.0,4.0,4,4,4,4,3,4,4,4,4,4.0,4,4,4,3,4,3,2,4,4,4,0,113,13,0,0,0,126,0,102,0,0,3,0,1,0,0,4924,1,189,0,298,1898,0,0,0,0
38,3,3,4,3,4,4,3,4,4,3,3,4,3,4,4,4,4,4,2,3,3,2,2,3.0,2,3,4,4,4,3,3,2,1,3,3,1,1,1,2,2,1,4,2,1,1,1,1,2,2,3,2,1,3,3,2,3,3,3,2,2,3,2,2,1,2,2,2,3,3,1,4,1,3,2,2,4,2,3,3,4.0,3,4,4,3.0,3,4,4,4.0,3,4,4.0,3,4,4.0,4.0,4.0,3.0,3.0,3,3,4,4.0,3,3.0,4,3.0,4.0,4.0,3.0,4,3,4,3,3,4,4,3,3,3.0,4,2,3,2,4,3,3,4,4,4,0,83,9,0,0,0,1,0,51,0,0,14,1,2,0,0,2502,1,127,0,154,1020,0,0,0,0
70,4,5,4,4,4,3,3,3,4,4,2,4,2,4,4,4,2,2,3,2,4,2,2,3.0,2,2,2,2,3,5,5,3,3,3,3,2,2,2,3,4,3,2,2,4,2,1,1,3,3,3,2,1,2,2,3,2,1,1,2,3,3,4,2,1,2,2,1,4,2,4,3,1,1,3,3,1,1,1,3,4.0,3,4,4,3.0,4,4,4,4.0,4,4,5.0,3,5,5.0,5.0,4.0,5.0,3.0,1,3,3,4.0,4,4.0,4,3.0,3.0,4.0,2.0,3,5,3,3,4,4,2,4,4,2.0,4,1,4,1,3,2,3,4,4,2,1,81,15,0,0,0,14,0,95,0,0,19,1,2,2,0,3321,2,159,0,109,1584,0,0,0,0
